microcode;ufname;microname;brancos02;nulos02;uteis02;pt02;psdb02;brancos06;nulos06;uteis06;pt06;psdb06;brancos10;nulos10;pt10;uteis10;brancos14;nulos14;pt14;uteis14;brancos18;nulos18;pt18;novo18;mdb18;psl18;uteis18
11001;RO;Porto Velho;3264;10790;191027;91259;65854;3494;11365;234124;124882;80448;5633;12088;117220;266631;7163;12679;125213;253424;5514;11609;66083;7439;5041;183802;313725
11002;RO;Guajará-Mirim;504;2206;24360;10314;10172;506;1772;31312;14922;12586;483;1587;15269;32731;605;1428;16658;34507;490;1016;8887;301;641;20243;34482
11003;RO;Ariquemes;1920;6520;61464;24377;32034;1573;4982;79126;32931;37338;1825;4652;31708;83018;1926;3558;37247;89118;1518;3296;16158;1129;1347;58646;88537
11004;RO;Ji-Paraná;3356;12808;139862;62167;63204;3097;8842;150566;58067;75860;3046;8367;56962;155908;3480;6782;63958;156964;2692;6086;31046;2690;1977;101208;156242
11005;RO;Alvorada D'Oeste;836;2874;29173;11130;15923;684;2174;34272;14625;17331;479;1343;11984;26132;748;1481;17095;36962;670;1418;9604;304;654;19642;35522
11006;RO;Cacoal;2599;8595;102824;48213;44693;2509;6704;113273;50858;51963;2631;6182;48821;120941;3178;5337;49179;122147;2458;5175;26299;2729;1837;82619;130264
11007;RO;Vilhena;1107;3758;52245;23751;22555;1125;3369;59983;22589;29907;1563;3738;23630;64581;1987;3412;24396;68793;1509;3348;12108;1399;971;53879;77551
11008;RO;Colorado do Oeste;887;2461;28016;12068;12885;607;1693;28764;10724;15373;684;1586;11947;29000;624;1239;11559;29151;478;1162;5922;338;361;18272;28578
12001;AC;Cruzeiro do Sul;643;4390;41391;13745;18413;392;3404;49399;18390;22422;456;2153;18063;51230;569;2164;25418;62751;867;2912;15713;128;2581;40085;71795
12002;AC;Tarauacá;576;3018;19624;12483;5239;382;2537;24513;13547;7834;384;2276;12737;26383;321;1928;17130;32037;409;1597;14911;27;298;14440;34351
12003;AC;Sena Madureira;327;1908;15885;7565;5903;243;1463;18878;7952;8109;279;1248;6232;19984;308;1392;7341;24513;312;1289;6646;40;484;14558;26201
12004;AC;Rio Branco;2036;10064;166029;78782;55830;2668;8614;192742;80669;87693;2374;6750;37089;218656;2101;6447;49365;187274;3458;8963;30415;1727;2731;173964;254636
12005;AC;Brasiléia;386;2194;21960;11424;8418;333;1776;27074;12663;11853;302;1329;8253;28144;336;1590;12387;33179;453;1596;10485;68;364;19461;34795
13001;AM;Rio Negro;491;2375;19969;7885;8496;191;1771;25704;20333;4076;182;1591;20619;27986;254;1558;23780;33474;296;940;23027;105;337;8992;36395
13002;AM;Japurá;63;489;3553;1055;1446;40;539;4959;4156;509;19;477;5349;6283;31;397;6214;7669;42;231;5527;9;83;1384;8226
13003;AM;Alto Solimões;1074;6437;43215;13690;24737;523;6024;59068;44256;11109;421;6356;53679;69329;658;5601;64057;82114;736;3320;70269;252;778;15689;96304
13004;AM;Juruá;889;4460;27159;7665;13021;443;4285;36899;25566;7388;346;3884;30503;39501;372;3348;35503;46410;671;2308;32920;45;578;11559;50987
13005;AM;Tefé;309;2037;21408;9258;6060;188;2461;27190;23423;2533;204;2003;26727;31735;297;1787;27816;37173;375;1171;26749;161;317;10160;41211
13006;AM;Coari;486;3579;36957;14524;12702;327;4114;50641;41422;5788;413;3440;42656;56309;537;3218;43825;63080;556;2254;42262;258;632;19322;70248
13007;AM;Manaus;9301;29144;756360;386935;172390;15138;38913;916582;708458;111306;17503;41282;598999;1019431;31204;47948;487549;1101340;23092;55162;324792;24034;18002;659115;1212689
13008;AM;Rio Preto da Eva;257;983;14481;6969;3521;154;996;17987;15068;1819;213;1110;14964;20102;298;1341;15655;23245;349;1168;13042;292;252;10371;27330
13009;AM;Itacoatiara;622;2716;51880;27783;14167;356;2931;60042;50649;6357;468;3219;49761;65188;656;2742;55203;75101;803;2241;50778;564;700;20689;80266
13010;AM;Parintins;1145;5677;72424;34594;25332;659;5109;87093;72928;9886;626;5245;76352;94314;889;3968;78383;102930;929;3080;87277;691;700;16385;114349
13011;AM;Boca do Acre;323;1361;11345;3158;5708;173;1483;14876;9059;4490;180;1469;9947;16273;165;1240;12122;18097;267;930;10400;39;187;7102;20098
13012;AM;Purus;355;1861;15104;5081;6184;167;2236;20013;16700;2153;217;1878;17348;22465;204;1670;19365;25159;245;1124;18830;54;259;7330;29396
13013;AM;Madeira;809;4023;37187;11649;17411;433;3814;50454;38638;8924;520;3508;44224;56258;499;3080;45827;62063;649;2348;41125;384;595;17804;66092
14001;RR;Boa Vista;1330;7792;115955;52962;37562;1628;5033;137750;30132;84211;1951;5142;38663;160396;2189;4666;48052;131464;2089;4841;24687;3924;2603;133555;198435
14002;RR;Nordeste de Roraima;175;1729;13427;5124;4964;136;991;15514;4572;8457;168;1021;7391;19455;192;955;11479;23200;186;777;10956;134;291;10912;27340
14003;RR;Caracaraí;205;1717;15548;6951;5812;197;899;17510;6417;7487;251;961;7754;20619;297;867;10972;22387;225;862;6430;139;269;13714;23983
14004;RR;Sudeste de Roraima;234;2012;15087;6915;6354;232;1101;18248;8312;6735;355;1146;10119;22151;376;1076;12439;24484;333;1049;7333;112;263;16125;27030
15001;PA;Óbidos;1063;5111;57034;30307;24100;699;3105;69895;43059;22244;930;2307;46888;80304;1124;3073;52475;84698;1157;2642;51908;410;2149;27227;93229
15002;PA;Santarém;2648;13128;181452;83245;61747;2054;7385;221224;92999;103558;2638;6707;85552;230336;3831;9024;110134;245792;3823;9946;99092;1517;6818;114178;277447
15003;PA;Almeirim;431;1391;17875;8668;7928;247;1043;23321;13153;8523;331;959;15466;26565;297;1055;19449;26807;238;838;19158;62;544;7003;29764
15004;PA;Portel;465;2926;23418;9132;13974;279;1811;35234;18190;14168;400;2656;22327;41821;358;2362;32573;48044;351;2026;34212;229;1354;9228;53043
15005;PA;Furos de Breves;811;4833;43625;19446;20668;536;3305;63286;34917;23195;683;3813;45332;79981;834;4669;61967;93941;743;3510;59916;188;2498;21845;103614
15006;PA;Arari;1255;5045;47321;15546;24097;641;2491;61124;39843;17238;821;2797;49496;71994;880;3393;60781;81300;953;2976;58663;71;2288;14551;87443
15007;PA;Belém;12309;32815;903295;423860;369309;23074;36164;1025804;488428;426478;25754;36812;438385;1116071;35407;51078;468091;1088884;29573;68256;319644;14906;34161;514151;1231828
15008;PA;Castanhal;2257;7285;98649;36811;53977;2336;4807;121749;63650;46798;2829;5360;58344;143435;3704;6393;82782;166536;3085;9063;63317;1278;4448;63539;173121
15009;PA;Salgado;2587;8843;95739;34242;53561;1884;4875;117104;74840;34229;2186;5052;78801;137280;2507;5505;100124;150028;2578;6798;89735;302;3895;36043;157629
15010;PA;Bragantina;3287;13514;141909;39502;87049;2949;8769;179668;107300;56929;3789;9114;114410;200252;4405;9165;134649;219843;3397;11391;127103;934;4838;59880;235787
15011;PA;Cametá;2634;10400;145609;67697;69565;2003;5962;186287;122768;55397;2055;6461;143060;219769;2414;7276;170557;241422;2877;6481;170966;432;4796;49087;263074
15012;PA;Tomé-Açu;1885;8844;72360;28408;37872;1457;4952;98556;56994;33162;1593;5827;66262;118046;2055;5340;89341;139392;1870;5404;89252;431;3727;39395;155038
15013;PA;Guamá;3729;14446;126536;42007;73867;2434;9620;169307;92872;61620;2684;9784;107639;193345;2683;10229;139859;210967;2409;10184;130153;622;4590;49963;221993
15014;PA;Itaituba;1304;5001;60356;17315;34612;822;2913;75488;28903;38590;1296;3715;38465;81283;1561;3824;47645;87443;1423;3593;34837;234;1937;44189;93472
15015;PA;Altamira;2528;8470;76776;28531;45311;1644;4779;103781;30011;64865;2015;6268;41341;115992;3412;6582;62688;124062;2907;7209;49991;500;4012;70261;144767
15016;PA;Tucuruí;2897;10237;97808;40539;48124;2001;5851;134972;77874;45459;3050;6894;79270;148108;2803;6858;90310;149456;2119;6256;74027;1080;3082;56423;153858
15017;PA;Paragominas;2496;9078;74135;28524;37879;1656;5104;104684;58645;37003;2297;5796;55518;114868;2169;6141;70425;123931;1809;6055;54969;990;3257;55059;128372
15018;PA;São Félix do Xingu;1047;3647;30203;11481;13342;843;1990;43744;20662;18434;1063;2722;27142;53881;1053;2953;28628;59607;846;2431;21268;277;1649;32158;61614
15019;PA;Parauapebas;2457;6203;58664;28147;23395;2150;3263;83898;50427;25285;4753;5167;51376;102475;6041;6800;69988;144231;3304;8389;53483;1501;3210;86319;164198
15020;PA;Marabá;1643;7152;79944;39211;33631;1886;4395;106058;58511;35256;2468;5112;64785;121421;3315;7285;76114;133857;2528;7091;54909;1424;2891;65647;143717
15021;PA;Redenção;2470;8362;67592;25465;34398;1360;3978;81770;37663;34138;1989;4475;42116;90853;1954;4506;42698;93686;1586;4345;32928;694;2751;51634;100618
15022;PA;Conceição do Araguaia;916;4787;31841;12332;16218;826;2658;43722;19860;17995;990;3203;24541;47601;959;2864;24651;51230;804;2973;20446;225;1533;25732;55119
16001;AP;Oiapoque;129;660;8579;4178;2693;192;750;12113;8443;2299;182;874;8962;14573;299;824;9654;16951;244;728;9911;57;157;5264;17995
16002;AP;Amapá;65;673;7550;2759;2880;64;477;10449;7028;1963;88;557;7633;11916;110;446;8831;12904;116;451;7602;91;150;4458;14394
16003;AP;Macapá;1470;9431;193151;97556;42967;1971;8504;241176;124326;69648;2941;10104;119253;274414;4176;10828;153712;319566;4049;9790;94023;7161;4917;145024;335518
16004;AP;Mazagão;353;1788;23993;12014;7183;247;1543;31641;20878;6691;379;1666;23129;35919;457;1368;26819;39917;330;1155;22751;181;387;12189;41850
17001;TO;Bico do Papagaio;2003;15821;71678;28643;39186;1038;8152;95467;65289;19400;1383;9162;59261;100020;1686;8497;63096;100066;1140;9096;59292;316;669;31613;104747
17002;TO;Araguaína;2339;16076;99596;41735;49464;1616;8818;128870;75188;35714;2048;9621;60105;136958;2913;10277;69988;141723;1828;13041;54038;1146;971;70252;145045
17003;TO;Miracema do Tocantins;1792;11709;61339;24173;31445;813;5562;76725;43828;23627;1082;6435;43693;78214;1321;5747;43350;78155;813;7559;36619;509;466;31534;78289
17004;TO;Rio Formoso;1134;7746;48986;19048;24070;769;3696;60579;29351;23087;910;4064;30162;62911;1390;4026;27051;62119;675;5183;21074;559;508;34540;63701
17005;TO;Gurupi;1132;7844;58583;26964;25757;886;4415;70782;38034;24392;1278;4979;37173;72986;1392;5017;34727;73579;1023;6220;26253;786;614;36729;73220
17006;TO;Porto Nacional;1552;10359;115294;59929;37633;1455;5714;143208;86747;37836;2130;7175;71648;162706;4092;10656;71368;180896;2409;14194;57691;3363;1488;103710;193821
17007;TO;Jalapão;562;6898;24488;7398;15010;360;3447;34871;20927;9191;403;3874;23211;36607;501;3628;23475;37287;352;3630;22537;128;160;11871;38797
17008;TO;Dianópolis;1123;12822;42703;17401;22784;666;5747;58426;32787;16244;717;6519;37130;60462;984;5697;35376;59435;675;7001;33708;306;448;17533;59140
21001;MA;Litoral Ocidental Maranhense;4319;14307;60730;23164;24609;2225;7142;89442;76257;8060;2417;7714;73137;89668;2621;6061;75038;93641;2036;4956;76058;79;1412;13645;99161
21002;MA;Aglomeração Urbana de São Luís;10404;33840;464694;253848;74198;11684;19785;572360;396868;99340;15477;28114;361761;608578;23576;30899;332879;636018;18349;31694;282439;8522;9679;245076;691631
21003;MA;Rosário;2320;11722;46711;17997;18516;1054;5819;72799;62161;5329;1717;7180;64103;76825;2057;5534;69534;85426;1449;4667;69792;171;1356;13448;92109
21004;MA;Lençois Maranhenses;4155;12608;44269;19528;22200;1538;7229;71611;56836;9436;1658;7142;64040;77379;1820;5636;67870;85868;1644;5208;69043;160;1717;12469;93031
21005;MA;Baixada Maranhense;8294;40196;167510;71842;59669;5081;21372;241580;200237;23893;5472;24641;196799;250189;5759;18347;213525;269397;4584;13429;214515;410;3888;47061;288188
21006;MA;Itapecuru Mirim;2010;14572;52659;26482;18210;1085;7285;78446;65821;7059;1485;9618;67114;81518;1734;7528;69254;88017;1232;5211;74571;176;1842;14186;97943
21007;MA;Gurupi;2567;14811;54778;17744;32000;1146;8116;82130;61479;13484;1461;9053;67147;89481;1408;6478;77292;100351;1208;5126;78435;137;1558;19882;109277
21008;MA;Pindaré;8555;49896;188271;72081;100389;4830;24614;262082;200576;35630;5834;30081;198273;265081;5287;20887;213508;279414;3938;16181;201413;835;4259;64468;298850
21009;MA;Imperatriz;5214;28559;199088;62667;106539;3950;13947;250656;154823;62381;5016;19665;134060;270427;6873;14826;155457;284988;5026;13724;123744;2017;3676;121433;297814
21010;MA;Médio Mearim;6601;35083;146737;59262;68689;3483;17304;192993;153867;22761;4360;21407;144066;192618;4289;15796;150912;201648;3431;11907;137585;699;3965;48052;211919
21011;MA;Alto Mearim e Grajaú;4143;24960;87586;19216;60652;2665;13515;126571;92298;21104;2812;13485;98559;136417;2762;9792;103190;146926;2179;8311;99712;542;2653;36865;156136
21012;MA;Presidente Dutra;3072;18538;65939;17366;41619;1716;8540;89878;72281;12209;2554;9895;67874;89697;1937;6674;73171;96682;1594;5759;62856;454;1455;20960;96763
21013;MA;Baixo Parnaíba Maranhense;3751;12217;35656;8746;30600;1881;6981;55771;42932;8874;2180;7959;42674;57567;1737;5876;50784;63622;1499;4589;52988;112;1406;8696;69304
21014;MA;Chapadinha;6820;18528;62529;22558;35151;2330;10363;95252;79615;9118;2971;11774;80643;99422;2454;8319;92410;112114;2043;7323;92887;328;1788;18381;121861
21015;MA;Codó;3392;16952;75862;25807;35378;1960;12064;103684;85711;9769;2483;13769;82778;105803;2145;10250;85112;111243;1990;7686;83242;380;2594;23086;120814
21016;MA;Coelho Neto;1643;9526;24401;11171;10048;1025;5217;37964;30451;3824;757;5193;33464;39956;744;3796;33109;41575;633;2777;34143;125;863;5833;44756
21017;MA;Caxias;4734;27954;125257;62949;43016;3131;17840;171683;142591;14828;3810;20328;138290;182334;4423;15889;148017;197362;3562;13379;139352;951;2775;40639;209442
21018;MA;Chapadas do Alto Itapecuru;3705;21365;64193;17156;40124;2243;11684;91405;72056;11524;2457;12951;71740;89781;2272;9217;77665;97661;1700;7531;78152;398;2714;14545;105443
21019;MA;Porto Franco;1015;6669;35501;11587;21173;679;3046;47487;29994;12209;968;4187;29904;49589;744;3266;33007;52995;628;2492;30036;392;781;18053;55979
21020;MA;Gerais de Balsas;1546;7476;36259;13601;19215;938;4237;51888;29854;15903;1290;5145;35969;57073;1382;4039;38715;62927;1109;3695;35423;280;1004;22403;67040
21021;MA;Chapadas das Mangabeiras;1125;6697;23762;8360;10885;533;3652;32916;21395;7373;648;4193;27255;34376;737;2872;27415;37054;575;2315;26252;65;829;8350;39486
22001;PI;Baixo Parnaíba Piauiense;5785;25674;124994;52795;65653;3805;16056;157440;99925;45110;4257;18702;106739;159520;4388;12910;129761;176247;3831;11846;130628;946;1750;29750;189047
22002;PI;Litoral Piauiense;3563;17179;122038;49581;56854;3318;12909;144226;85755;44621;4018;13320;89654;152056;4195;11006;112900;168248;3770;11267;102346;1284;1455;39871;176960
22003;PI;Teresina;7812;33094;413740;240475;96615;8372;24887;478394;316990;99994;9319;27866;300094;513827;7218;19193;324373;332443;11059;33817;283554;9065;5945;155558;559271
22004;PI;Campo Maior;4402;19363;101109;38821;52507;2828;12044;118441;79649;27989;2911;13586;86761;119767;2774;9040;95853;129213;2446;8713;92436;546;1040;18594;138379
22005;PI;Médio Parnaíba Piauiense;1898;10804;61701;27436;29577;1500;6696;72460;54967;11488;1578;7793;55519;73399;1434;5351;61497;80260;1217;5233;62060;531;570;12600;84983
22006;PI;Valença do Piauí;1562;10077;50513;24550;17635;1115;6464;57496;42364;10419;1047;7532;44502;57903;1035;4997;47469;62164;881;4901;45929;290;510;8453;63495
22007;PI;Alto Parnaíba Piauiense;477;3235;14641;5305;8062;426;2299;19394;8930;8355;470;2347;11850;20816;463;1517;15954;23865;342;1430;16567;82;261;5452;26152
22008;PI;Bertolínia;595;3342;19327;6206;10425;495;2266;22462;15606;5110;592;2765;16184;22279;390;1453;17058;23997;382;1674;16753;121;241;4567;25063
22009;PI;Floriano;1665;8865;54849;21977;24617;1468;6086;64239;41902;14643;1599;6605;45541;64837;1587;4238;52046;69408;1232;4014;47903;417;765;11598;71597
22010;PI;Alto Médio Gurguéia;1033;7089;33026;10964;19960;878;4232;42337;29489;9108;866;4553;31074;43341;907;3279;34307;46601;782;3240;35514;189;446;8106;50963
22011;PI;São Raimundo Nonato;1857;11426;55357;22428;31260;1429;6805;70688;54217;12228;1464;8845;52740;69294;1198;5235;62477;76571;1088;4253;64575;230;690;6716;82575
22012;PI;Chapadas do Extremo Sul Piauiense;716;5989;34426;13093;17157;857;4231;40428;28144;8464;682;4809;30566;40546;626;3155;34411;43210;649;3041;33934;109;529;6296;46388
22013;PI;Picos;3411;14924;86665;39852;38153;2555;10281;103538;71283;22615;2523;11515;77294;107133;2394;7519;90810;118180;1896;8123;85362;788;835;18792;123577
22014;PI;Pio IX;672;5201;27086;13059;11210;716;3448;31666;20791;8274;865;4043;23705;32339;569;2394;27890;35514;463;2220;24456;127;271;4056;37057
22015;PI;Alto Médio Canindé;4848;24393;114119;49034;53030;3768;16606;137913;100418;27159;4033;19677;109123;136266;2743;11575;122778;152616;2665;12043;124040;554;1362;15235;165148
23001;CE;Litoral de Camocim e Acaraú;5705;17033;132929;32269;58164;3380;15959;166413;117454;30785;4894;18353;127544;172533;5675;13765;143482;194589;5097;10033;82675;476;1333;34974;209658
23002;CE;Ibiapaba;4067;15444;113031;21079;62027;3601;15382;135395;85856;38866;4449;15414;94601;139467;5098;12705;114596;152248;4432;9316;54668;341;1287;27796;168063
23003;CE;Coreaú;1150;3568;24472;4882;11630;695;3738;27798;19839;4654;832;3701;21181;29512;800;2792;24661;33208;801;1571;13691;55;231;4940;36805
23004;CE;Meruoca;312;1116;10593;1240;2393;296;1436;12439;9763;1472;456;1367;9674;12333;545;1060;10596;13909;492;662;3972;18;75;1467;15294
23005;CE;Sobral;5735;16297;156363;25149;39690;5182;17708;181174;132701;27424;9686;19452;138814;190170;9469;15250;149073;209423;7268;11117;56886;456;1592;37894;227093
23006;CE;Ipu;2171;8096;57733;11004;25752;1472;7961;65979;51639;9902;1875;7943;51163;65518;1806;5748;55563;70789;1460;3439;25753;131;497;9364;75838
23007;CE;Santa Quitéria;1051;4144;30667;4426;8587;676;3502;36757;26596;6898;1021;3491;28200;37184;849;2374;30735;39622;695;1294;12543;45;216;4291;42090
23008;CE;Itapipoca;2208;6797;76989;22516;22686;1693;8311;92613;72435;12652;2570;8648;76137;102326;2763;6375;85673;114092;2012;4618;55933;209;464;16757;125040
23009;CE;Baixo Curu;1130;4337;43426;10490;16695;1042;4164;52789;39912;7392;1646;5234;37996;57790;2203;4239;46086;65676;1603;4269;26477;187;442;17360;73765
23010;CE;Uruburetama;1656;4931;44242;11955;14224;1300;4609;53328;42321;6847;1836;4895;42156;56438;1876;3834;46446;61113;1326;2967;24761;65;368;11397;64128
23011;CE;Médio Curu;1064;4128;39684;12171;11657;742;4063;48454;37685;6295;1257;4772;38347;51130;1343;3356;43553;56336;940;2636;27135;92;376;8292;59629
23012;CE;Canindé;1611;7399;46243;13034;15337;1059;6401;58187;42677;10207;1325;6342;49552;62378;1423;4585;57459;69241;1298;3046;35933;116;390;8746;75015
23013;CE;Baturité;3498;11373;85609;36215;25973;2609;10162;99051;77182;13996;3558;10262;78903;106471;3766;8019;89598;116277;2849;5542;54477;183;666;17782;120928
23014;CE;Chorozinho;800;3312;29445;7800;10329;730;3340;35568;26481;5159;1054;3711;28362;37985;1291;2790;31735;42386;1058;2154;17485;72;293;8191;44111
23015;CE;Cascavel;2080;5564;54828;17850;16346;1853;6029;66572;45867;12766;3168;6331;49666;72638;3185;5350;57157;80027;2253;5970;28590;170;412;16814;83495
23016;CE;Fortaleza;22627;57410;1329993;706786;165711;34343;87469;1513515;1061274;258453;52697;94093;886421;1615977;48498;83584;946414;1120693;43164;104613;427949;17251;9666;610414;1863399
23017;CE;Pacajus;1312;3913;34973;11590;8514;1270;3373;47421;35521;6648;2313;4485;42941;60711;3343;4439;48925;71515;2141;5421;23634;230;410;20346;78395
23018;CE;Sertão de Cratéus;4429;14840;107857;34937;44422;3219;12976;123378;82551;29940;4644;14442;87085;116896;3392;11133;98176;125290;2987;6223;65134;161;929;18039;136136
23019;CE;Sertão de Quixeramobim;3800;12253;106088;41816;38020;2438;10790;125940;89344;25175;3780;11936;95699;131771;3795;9350;111892;143323;3109;7071;66696;306;654;21030;151444
23020;CE;Sertão de Inhamuns;2190;8353;59921;12420;25352;1688;8280;68851;48322;14735;2201;9424;52153;69289;2212;6922;48968;71821;1680;4361;28487;152;570;11601;75580
23021;CE;Sertão de Senador Pompeu;4654;17731;91651;28153;46933;2922;12831;107578;75976;20494;3724;13657;82672;105948;2790;9881;95851;115558;2666;6191;55899;152;726;10874;118137
23022;CE;Litoral de Aracati;1517;4543;46952;23714;11440;1852;3540;57300;38155;14456;2496;4086;42715;61232;2741;3402;46552;65563;1828;3087;25507;161;311;14607;68910
23023;CE;Baixo Jaguaribe;6565;14777;147612;58609;37498;5195;13225;169684;129188;23041;7606;15362;133149;175292;7101;12470;140046;189851;4861;11000;67863;462;792;32518;196133
23024;CE;Médio Jaguaribe;1357;3910;29727;8291;11243;727;3113;34008;26631;4364;1221;3555;26620;33755;896;2442;29557;36285;714;1818;15164;76;182;4266;37519
23025;CE;Serra do Pereiro;638;2210;19665;3792;10859;328;2135;22023;16125;4401;542;2492;17471;22445;437;1667;19932;24293;416;1057;9520;40;154;2486;25731
23026;CE;Iguatu;3841;11747;99789;33925;45398;2476;10989;113484;87152;16559;3739;12458;88372;111759;3347;9528;93311;118767;2756;5949;53879;280;827;15633;124254
23027;CE;Várzea Alegre;2238;6782;41122;12216;21733;1528;5551;49308;35232;9746;1872;6081;37524;48718;1618;4376;39603;52619;1405;2746;24972;110;457;5872;56029
23028;CE;Lavras da Mangabeira;992;4335;25850;8790;10915;724;3341;28843;21561;5048;928;4127;21583;27477;664;2513;25412;30377;570;1372;15083;50;262;3049;31699
23029;CE;Chapada do Araripe;1366;6602;37085;6310;23823;1061;5948;45317;31784;9056;1378;6355;36670;45529;1112;3810;41262;50044;969;2401;25207;53;416;3825;52854
23030;CE;Caririaçu;1020;4054;26202;5756;17325;787;3562;30943;19268;9436;996;3995;22771;30836;810;2928;26520;34266;685;1609;15721;46;225;3379;37005
23031;CE;Barro;1587;5632;38904;13283;17647;980;4658;44358;30588;10664;1072;4777;34196;45947;1100;3504;36693;48875;1046;2426;26035;98;349;5365;51100
23032;CE;Cariri;6487;21787;205477;90902;85764;5224;20643;240991;157405;60702;8461;24078;161204;250614;8582;18991;206430;277730;6006;14157;122701;837;1805;45103;297528
23033;CE;Brejo Santo;1253;5232;43252;19969;17522;799;4990;50039;38410;7757;1068;5240;41909;50442;1078;3859;45701;54504;1294;2540;26062;117;525;6603;57350
24001;RN;Mossoró;5578;15371;130317;66428;40382;6086;13341;152949;97232;39349;8984;14635;77123;158148;11115;24508;87990;155650;4892;14537;57936;1342;608;57407;175527
24002;RN;Chapada do Apodi;2660;6158;35029;16395;15860;1670;4517;43364;33061;8137;2613;4481;31840;43856;1947;3897;36930;46459;1250;2808;24143;220;293;8018;48416
24003;RN;Médio Oeste;732;2814;15274;5807;7420;527;1914;18677;13657;3357;902;2027;12103;18832;1029;2192;18226;25733;654;1600;13835;107;114;6238;27105
24004;RN;Vale do Açu;3224;11002;62419;27830;26197;1945;8029;78663;54740;18144;3146;9027;55736;81432;3983;7767;59856;85001;1856;5360;48489;504;461;15269;87776
24005;RN;Serra de São Miguel;1428;7182;26554;7520;15868;970;5457;32705;27410;3520;1269;5437;26135;32470;1220;4094;27770;33891;811;2653;21400;83;245;3360;36017
24006;RN;Pau dos Ferros;1934;10796;55735;19686;28541;1509;8389;64810;49241;11032;2060;8519;49440;66670;2085;6666;52948;69370;1094;4039;40733;183;347;10107;71361
24007;RN;Umarizal;1568;6640;34575;11675;18996;1278;4718;40059;30339;7665;1542;4802;28645;39969;1552;3549;30960;40728;868;2403;24505;192;201;6567;42403
24008;RN;Macau;997;3504;25523;11872;9632;839;2888;31732;21110;8289;1330;2860;17600;30250;1587;2603;21323;32440;763;1946;17172;137;190;6648;34129
24009;RN;Angicos;1064;5828;28018;9649;15068;736;3734;33142;19612;10984;1038;3897;18736;32378;1117;3141;23609;33707;647;2023;17349;181;257;7153;34431
24010;RN;Serra de Santana;1387;6175;28666;7558;17952;1022;4327;34772;22094;9927;1312;4494;21240;34978;1449;3690;25509;36938;868;3140;20758;218;195;6419;38143
24011;RN;Seridó Ocidental;1692;4932;48037;26329;16610;1433;4191;54518;34579;14844;2384;4538;34546;54203;2460;4758;35615;54320;1290;3935;20135;408;297;13381;54417
24012;RN;Seridó Oriental;2876;8610;59645;23058;30067;2098;6560;68725;41010;21617;3651;7305;35939;68659;3301;8546;39828;66948;1838;6772;22487;560;440;20689;67993
24013;RN;Baixa Verde;1776;5662;26598;11673;12203;893;3785;33227;21426;9356;1699;3970;20845;33771;1711;3296;25850;36237;912;2208;22658;114;195;7446;37333
24014;RN;Borborema Potiguar;3138;13235;59240;18951;36066;2320;9439;72407;47541;19022;3100;9433;43368;76675;3462;7973;55447;80501;1882;5825;44460;291;441;17200;81641
24015;RN;Agreste Potiguar;5557;21595;93939;31590;51858;3864;15610;117479;70357;38543;5885;15987;69030;123248;5914;13340;90840;135327;3798;10623;73283;516;995;35040;140840
24016;RN;Litoral Nordeste;2243;6841;33442;12296;17264;1439;4814;42698;25659;13485;2080;5318;25399;46223;2205;4561;35346;50859;1408;4291;29224;153;309;12680;51840
24017;RN;Macaíba;6345;15979;104902;42483;49111;4559;14186;132462;78098;42601;7665;14963;69282;139251;9353;16509;93220;148286;4951;13137;75957;903;1394;50758;161818
24018;RN;Natal;11419;25911;406800;204892;118680;13182;31901;456456;215403;179076;20746;35858;165647;475596;22843;50469;192905;403850;12633;37631;120996;9183;4033;238766;524401
24019;RN;Litoral Sul;3397;10036;51825;23807;21347;2699;7804;64541;42865;15873;3763;7996;37117;67716;3941;7049;45453;72005;2190;5946;42645;275;465;18302;76662
25001;PB;Catolé do Rocha;2187;9002;52100;19960;31907;1750;5740;63243;44678;14553;2363;7061;35963;61884;2185;3676;43679;69790;1545;5979;35496;762;677;16772;69744
25002;PB;Cajazeiras;3895;12688;70934;36530;30821;2609;8470;87173;67177;14939;2852;10578;65815;85695;3351;5729;69957;94298;2083;8118;60538;266;467;13105;97897
25003;PB;Sousa;4421;15638;81594;40191;38474;2770;9907;99928;73407;19519;2980;12153;69910;98645;3014;5567;73976;108767;2558;8191;58548;518;969;22590;109184
25004;PB;Patos;2152;6752;55591;23045;30407;1644;4804;62946;41402;16876;2391;6204;33575;63911;2357;3787;37915;68387;2086;5981;28611;618;682;19549;67720
25005;PB;Piancó;1275;7584;33282;14032;19262;882;4901;39707;28750;8908;1133;5858;24166;37175;1051;2753;27192;40780;830;3661;26219;118;512;7253;41819
25006;PB;Itaporanga;1613;8631;36050;15253;21032;968;5554;43270;33060;7465;1164;6700;31929;42507;1153;3228;34714;48198;910;4402;32344;180;367;7325;48112
25007;PB;Serra do Teixeira;2118;10249;42134;13626;30471;1709;6784;54055;39215;11003;1845;8678;37828;53553;1683;4076;45086;60456;1418;6289;45150;250;398;6948;63256
25008;PB;Seridó Ocidental Paraibano;1109;2846;19696;6667;14169;587;2001;23039;12323;9078;789;2621;10151;22152;862;1386;13516;24118;714;2129;10150;149;265;5181;23456
25009;PB;Seridó Oriental Paraibano;1565;6789;31013;10724;21668;1271;4034;39419;25405;10833;1461;5154;20855;39912;1709;2752;28573;44482;1235;4045;23773;133;510;7969;44250
25010;PB;Cariri Ocidental;2979;10942;52400;18889;32768;1969;7086;65697;47054;14887;2631;9143;44040;64281;2407;4338;51733;72904;1893;6734;45245;339;530;12399;74085
25011;PB;Cariri Oriental;1447;6107;29992;10413;20232;1138;3437;38310;24075;11070;1427;4811;21389;38124;1528;2688;27217;42816;1212;4331;22483;181;406;9357;42836
25012;PB;Curimataú Ocidental;2216;9583;48625;19160;30292;1520;6294;61678;39288;18092;2449;8327;33671;60134;2339;4315;44140;67381;1673;6635;37058;395;725;13082;68321
25013;PB;Curimataú Oriental;1649;8173;38589;17586;22376;1252;5262;47850;28881;15203;1656;6676;25442;45300;1743;3515;31604;48777;1323;4862;29319;331;942;9822;49065
25014;PB;Esperança;1449;3993;22356;10322;12644;892;2564;28153;17878;8201;1709;3579;12039;26690;1539;2288;16498;29778;1249;3643;13852;252;238;8779;30017
25015;PB;Brejo Paraibano;3430;11094;49089;25295;23459;2421;7476;60459;39378;15885;3068;8251;33847;58600;3361;4974;38444;62395;2580;7058;36944;360;726;12505;63153
25016;PB;Guarabira;3604;13409;69370;36553;30446;2874;8640;85773;58079;21979;4351;9871;45356;84216;4547;6090;54076;91081;3416;8850;49760;519;1394;24059;93489
25017;PB;Campina Grande;11851;24089;224377;109003;105218;6804;16867;265916;141310;90840;11942;25295;87499;272842;15797;24827;107412;281882;10371;33449;79710;2496;2644;129387;287204
25018;PB;Itabaiana;3311;10171;47203;22056;24290;1866;6007;57846;41693;12416;2803;7520;36012;57688;2914;4544;42474;63006;2141;6312;37377;236;1230;15674;63792
25019;PB;Umbuzeiro;1415;5733;20468;4512;18001;1056;3370;26956;15271;9030;1258;4281;15001;25753;1263;2233;19617;28864;1060;3311;18807;105;353;4423;29165
25020;PB;Litoral Norte;4097;10821;52481;18856;33714;2585;7531;70120;47891;18171;3473;8909;42845;71410;4320;5183;42441;78674;2959;7972;48619;520;1081;19615;83801
25021;PB;Sapé;3728;10554;52050;26723;22797;2478;7225;67646;49505;14213;3509;8913;42851;67445;3978;5323;49470;74195;3201;7628;47126;256;935;19170;78677
25022;PB;João Pessoa;19783;32377;417291;240339;111244;14669;32406;495571;310682;121575;21066;38467;234771;517996;24411;28619;240519;397216;18918;49747;170102;7712;5265;278229;588135
25023;PB;Litoral Sul;2257;5532;32515;14594;16794;1467;3958;41899;31939;7788;2208;4697;26230;42073;2982;2557;26607;46927;1664;4964;27167;163;584;14525;48366
26001;PE;Araripina;6573;26265;99197;39591;62829;3617;17940;131718;100429;21626;4001;19228;115144;139130;3472;12145;124415;160458;2796;14825;114467;663;844;17970;160087
26002;PE;Salgueiro;3794;11849;61595;28562;32967;2136;8771;75833;56631;15702;1986;8858;67785;79835;2038;5584;66257;89079;1398;7058;65940;343;454;10603;89412
26003;PE;Pajeú;9228;25066;124629;57163;68293;5073;19048;150174;124706;19525;5011;18382;131435;157375;4883;10874;115417;171613;3458;16535;119548;927;730;26480;169065
26004;PE;Sertão do Moxotó;5193;14934;73081;30304;42772;3070;11282;90000;72269;13162;3199;11402;77432;95196;3397;7447;68623;104528;2114;9474;74572;406;496;14699;106441
26005;PE;Petrolina;6977;19558;145624;82498;47746;4946;16770;180804;138615;29690;5047;17414;155240;204146;6026;12378;135401;233254;5211;21803;136268;1733;1196;56514;235295
26006;PE;Itaparica;2690;8493;48193;31648;13701;1398;6563;62348;52317;6939;1345;6921;56148;66112;1345;4562;52823;73085;963;5380;56931;367;302;8864;74265
26007;PE;Vale do Ipanema;4918;19775;56787;16909;45978;2791;12086;75445;59517;11066;2738;12529;60246;76341;2475;7756;60145;84014;1981;9627;62448;249;663;10270;86110
26008;PE;Vale do Ipojuca;28214;52076;305348;122696;192449;21369;40806;380203;261445;93258;27680;42453;261231;400097;27265;32368;219104;439146;18339;53644;213475;3870;2692;126465;437245
26009;PE;Alto Capibaribe;9085;16673;88375;30915;60959;6657;11836;114900;73531;32741;8097;11977;74887;126641;7770;8245;67810;146150;5640;14230;66759;1308;697;50859;149767
26010;PE;Médio Capibaribe;10047;23543;101591;37314;68541;6976;16489;123427;87536;28412;7666;15430;89094;128678;7365;9915;73282;140215;4593;15347;82110;907;752;30043;137503
26011;PE;Garanhuns;12204;34061;160970;73309;93705;7827;25496;201740;164112;29782;8523;24999;161269;207206;8504;16529;151617;223861;6185;23148;147593;1378;1146;41040;226468
26012;PE;Brejo Pernambucano;9511;20809;83625;30722;58033;5111;15294;105190;80077;20387;5926;15223;83979;109158;5761;8906;65891;119382;3782;15646;65817;664;700;28240;115595
26013;PE;Mata Setentrional Pernambucana;17164;33210;219897;100277;97273;12651;25684;261393;185245;60463;14385;26287;166969;276732;17119;17028;115885;296457;9890;33215;152425;1858;1824;89046;289592
26014;PE;Vitória de Santo Antão;8264;13974;84577;31775;50739;5976;10675;104540;71425;26815;7045;11204;68308;110427;7889;7761;45704;120915;4406;15151;55891;719;777;39202;117517
26015;PE;Mata Meridional Pernambucana;14916;34661;205929;88603;94742;9871;26272;249402;188737;44454;11164;27463;186380;257030;13694;14960;116541;274604;8089;29379;155891;1057;1443;63995;262804
26016;PE;Itamaracá;3789;5178;61836;28742;24305;3220;4781;76093;57452;13328;3134;4986;44636;70763;4604;4320;36862;93534;3036;10973;52060;582;585;27579;95042
26017;PE;Recife;62642;83387;1542977;778465;561028;69235;90606;1706187;1118307;407331;79115;99141;845877;1789284;85642;86380;540088;1876571;65701;197125;598690;28345;15790;760272;1810026
26018;PE;Suape;7405;10718;104263;47384;37913;6616;10559;129706;100524;19113;7731;11216;94901;146411;10487;8318;70583;160661;5904;21688;87733;746;982;41781;161238
26019;PE;Fernando de Noronha;23;39;828;599;159;49;79;1241;743;268;72;127;835;1432;101;103;562;1437;71;165;486;31;15;763;1744
27001;AL;Serrana do Sertão Alagoano;1940;6039;32165;9741;18655;1255;5409;38716;28918;5806;1068;5252;33563;39501;1020;4120;33382;40062;715;2599;34370;123;1656;3761;43997
27002;AL;Alagoana do Sertão do São Francisco;1358;4406;28672;13197;11090;1013;3881;35412;24459;6191;1043;3727;29090;36200;949;3364;31899;39900;602;2304;32181;179;1320;5084;43652
27003;AL;Santana do Ipanema;2145;10627;60221;13872;42952;1816;7967;77260;44891;22256;1845;8703;53870;76814;1892;7039;57866;78270;1431;5279;60543;429;2698;12131;85126
27004;AL;Batalha;1508;5698;35152;8387;21742;989;4839;44032;28104;10794;1228;4641;29236;44557;1208;4291;28993;44996;800;3083;32797;299;1512;9506;49486
27005;AL;Palmeira dos Índios;3786;10421;67985;14436;47826;2701;9610;86148;48857;26269;3158;9923;52461;84117;3511;8549;55469;84707;2364;6902;56105;509;2995;19686;90981
27006;AL;Arapiraca;6721;20272;135500;29981;95425;5917;16403;167613;89033;57658;7157;18154;107569;177451;7892;16721;111604;188030;5753;12648;106855;1283;6070;56563;207453
27007;AL;Traipu;677;2556;14484;2840;8885;716;2299;17830;10582;4886;671;2111;11682;16605;495;1638;13056;17106;373;1054;13710;43;672;2497;18725
27008;AL;Serrana dos Quilombos;2905;8996;49205;13625;33147;2318;7957;64575;37548;18783;2951;7954;42049;68218;3558;7315;35157;67174;2251;5598;40651;295;2213;20683;73216
27009;AL;Mata Alagoana;5582;18576;103275;20538;72110;5762;16527;131463;63432;50141;6596;15924;68303;136352;7604;13697;60288;135082;5225;10808;72515;414;5064;46382;145854
27010;AL;Litoral Norte Alagoano;1669;2966;20804;3838;13982;1635;2835;27508;15359;8371;2264;3166;14252;29710;2133;2844;10971;31543;1464;2997;13799;124;1018;14322;33934
27011;AL;Maceió;11512;26290;393855;142169;172706;16684;30203;475607;155010;234251;21274;34837;176278;505719;28733;40556;173878;429755;19809;44045;129170;7124;12726;277885;553632
27012;AL;São Miguel dos Campos;4545;15114;92402;21425;55351;4602;11727;121156;55476;47752;5522;12359;59058;122601;6173;11155;54139;122333;4069;10085;58475;706;4310;45072;129544
27013;AL;Penedo;2948;6052;42466;13702;23031;2612;5358;53395;23493;22901;3044;5193;32433;56234;3022;4945;37107;56508;1836;3663;36076;169;1641;14783;60146
28001;SE;Sergipana do Sertão do São Francisco;2573;10576;57048;22878;29032;1785;7076;74926;36882;28901;2615;6805;47330;79612;2864;6118;61545;87128;2169;7245;63645;265;508;13765;91619
28002;SE;Carira;1358;5743;28817;7187;20329;1036;3799;35583;16562;16294;1350;3743;20526;38690;1520;3314;25038;41117;1129;3981;23669;181;269;8873;41149
28003;SE;Nossa Senhora das Dores;1948;5181;26074;8328;16038;1211;3641;33383;14390;15008;1865;3484;16880;34900;1780;3004;23726;37270;1168;3875;24075;142;203;8274;38874
28004;SE;Agreste de Itabaiana;2903;10072;64695;20295;40144;2260;7283;81179;36693;37437;3426;7386;42091;86271;3809;7291;48232;88909;2829;10167;44734;613;675;22828;90723
28005;SE;Tobias Barreto;2631;7837;46124;16287;26726;1375;5187;58471;40203;14020;2483;5574;36628;59336;2072;5025;39821;63316;1551;6348;39713;450;470;11680;66089
28006;SE;Agreste de Lagarto;2485;7693;45212;17765;23420;1927;5288;56150;30184;19007;2854;4800;30027;58176;3279;5868;38272;60717;1867;7143;37234;362;507;13475;63747
28007;SE;Propriá;2120;5807;39493;17070;18117;1494;4155;49525;25667;19715;2341;3712;27839;51280;2036;3476;34916;52714;1302;4378;33445;226;329;11043;52266
28008;SE;Cotinguiba;1254;2980;16922;5913;10108;719;2082;22027;10126;10085;1418;2170;11767;24026;1608;2351;15830;25490;941;3210;16095;118;210;5830;26366
28009;SE;Japaratuba;1678;3843;21804;8330;12308;863;2546;29264;14102;12395;1398;2438;18027;30866;1420;2194;21966;32284;886;2913;22129;83;234;5792;33103
28010;SE;Baixo Cotinguiba;2143;5294;36595;17517;14135;1677;3741;45836;21895;19000;2414;3731;26973;49458;3107;4471;30226;50421;1604;5554;32744;182;411;11658;52999
28011;SE;Aracaju;9448;21818;317941;172585;98362;9527;20026;384707;152193;170601;14430;22810;145383;408014;18678;28273;169006;327579;12418;38458;138553;6032;3812;165225;430026
28012;SE;Boquim;3980;10800;61332;22225;34647;2213;6711;78147;47254;23096;3405;6772;48581;80566;3704;6963;51910;81898;2270;8028;53991;321;624;18052;85779
28013;SE;Estância;2482;6911;45574;21177;19557;2142;5329;57267;30248;19338;3055;5136;34750;62059;3737;5245;41252;62914;1990;6496;41207;217;532;13815;67640
29001;BA;Barreiras;3423;15246;87449;46679;29656;2485;7890;112786;72655;28830;2954;8678;81933;122469;3962;8370;85653;140766;3117;10188;83702;1270;753;58747;161674
29002;BA;Cotegipe;2753;11552;44303;17265;27217;1223;5518;58777;39210;14420;1294;6141;44222;57463;1233;4492;48816;61115;1190;4019;48379;120;198;10631;64304
29003;BA;Santa Maria da Vitória;4130;17404;65826;25678;40774;2601;10084;85771;57557;21638;2157;9160;62775;88868;2199;7351;65756;94286;1914;8302;66888;407;328;21232;97280
29004;BA;Juazeiro;5616;28710;165962;80739;62163;4232;17736;206591;137517;51486;4002;16512;157847;217861;4112;13862;175408;242362;3824;16461;173200;813;632;49942;253844
29005;BA;Paulo Afonso;1983;11709;62815;39890;19506;1582;7357;76393;55456;14421;1658;7101;62910;80266;2054;5552;66673;86640;1289;5342;64170;403;197;14686;90678
29006;BA;Barra;2141;16472;59541;29488;25508;1339;9906;74825;50313;18270;1157;8522;57884;77861;1200;6825;63043;83824;1072;5874;66138;209;267;13983;88765
29007;BA;Bom Jesus da Lapa;2070;11787;57590;30089;25238;1598;7059;75847;54041;16496;1512;6743;55178;76839;1490;4887;64917;82662;1288;5198;63495;157;191;14331;86270
29008;BA;Senhor do Bonfim;6438;25657;107138;52655;55973;4211;12886;134799;83399;39414;4399;12859;81790;133758;3915;11010;96324;142380;3707;12415;97128;384;402;28926;147616
29009;BA;Irecê;6279;27955;144027;74375;66657;4631;15598;181091;120339;45102;4117;15416;133754;179736;4015;11604;152777;194518;2968;11953;155271;479;483;28147;210815
29010;BA;Jacobina;5596;32174;123482;61969;58567;4542;18797;151023;95745;38825;4234;16451;100473;149039;3850;13882;106543;155236;3338;15247;110925;596;646;31409;165000
29011;BA;Itaberaba;4070;25338;89574;41628;44917;3743;14218;113636;77324;24709;3439;12968;76421;109968;3411;11062;78193;113643;2397;12539;81528;309;528;20472;117278
29012;BA;Feira de Santana;16467;63993;390264;212153;138423;14353;37689;470393;313492;102168;15694;36475;266817;499272;15544;32962;318958;454336;12750;56421;325313;2588;2813;139634;558532
29013;BA;Jeremoabo;1560;10635;30367;8262;24529;1113;6602;40370;25255;11118;909;4910;35137;42926;903;4269;36980;45821;742;3140;38170;121;143;4870;48397
29014;BA;Euclides da Cunha;7300;29563;109025;46521;64568;3810;16392;141153;95909;33308;3559;13663;111315;140720;3188;11511;118639;149194;2691;11274;123023;328;355;17418;158239
29015;BA;Ribeira do Pombal;7353;31934;107635;46745;68975;4194;17841;142958;96200;34397;4517;15466;106285;144103;4406;12378;114763;153421;3338;12070;118034;454;426;22038;164348
29016;BA;Serrinha;10287;39242;170133;88599;76283;5797;19749;208736;148963;44623;5903;18747;146582;211751;5858;17618;156295;227608;4436;21615;159632;803;640;42970;238809
29017;BA;Alagoinhas;4353;22511;112896;60791;43283;4413;13491;141478;91607;33832;4738;11347;96718;149301;6999;12854;90594;154530;4773;16467;96827;517;842;33050;158210
29018;BA;Entre Rios;2266;8963;36151;19983;16023;1824;5015;46004;32803;9188;2095;4824;35326;50451;2492;4981;36128;53809;1441;5518;43021;147;226;8901;58711
29019;BA;Catu;4411;14199;91563;62225;18447;4347;7750;105775;79729;14669;5340;8326;76938;109961;7461;9728;64806;113097;3748;12696;83777;317;500;19834;123521
29020;BA;Santo Antônio de Jesus;11089;43458;218101;123022;79058;8836;22565;270496;197778;47018;9611;20580;190161;280190;10538;20885;197812;294652;6391;25620;214420;1066;1190;57464;310959
29021;BA;Salvador;38983;92932;1396608;1015678;160586;65152;97338;1594838;1116161;243525;82783;123023;938305;1696863;98849;174520;864494;1691684;56180;219598;894456;20171;11472;482446;1786026
29022;BA;Boquira;3040;19452;68679;29131;41208;2581;10554;85884;57997;21067;1987;8718;68500;87309;2018;7081;68478;91708;1589;7686;71813;354;216;13136;96894
29023;BA;Seabra;4128;26245;88962;34547;58005;3251;13334;117410;80967;27365;2920;12348;89635;121136;3149;10574;94155;128112;2519;12299;99946;467;356;21147;137916
29024;BA;Jequié;8606;44650;191183;94990;82109;6730;26822;243992;164333;58584;6829;24220;156407;241040;8295;21869;157010;251860;5622;26453;162942;862;864;60908;262577
29025;BA;Livramento do Brumado;1748;9904;36087;12524;26534;1549;4849;45627;29520;12087;1416;4796;36669;47434;1497;3945;37508;49507;1187;4082;37597;242;127;7566;51395
29026;BA;Guanambi;7091;34512;138461;62424;79657;5575;22103;169873;100631;53660;4830;18478;126872;178777;4420;15258;143303;196308;3759;16614;143523;1252;501;37454;207715
29027;BA;Brumado;3619;26645;88438;32277;57602;2622;15376;112099;63486;37076;2532;13587;80823;113732;2672;10380;80256;123561;2421;11827;83086;585;506;26068;128206
29028;BA;Vitória da Conquista;9655;45661;212904;90974;121352;7344;29275;268145;145690;97037;7676;28628;152998;283312;5957;19629;170435;256406;7003;29028;181428;2186;1688;84754;327731
29029;BA;Itapetinga;2917;19285;68552;31111;31671;2136;11314;91145;55751;25572;2377;10904;50196;92632;2160;8323;48577;93958;1997;8690;47989;447;720;32947;95340
29030;BA;Valença;5139;19854;73812;28570;41838;4695;12933;102529;63882;29910;4707;12186;64794;112736;5076;10966;70194;118419;3405;14376;77962;383;554;29766;125462
29031;BA;Ilhéus-Itabuna;14296;70418;384975;174615;171153;11180;39796;475132;285896;138931;12186;38817;261680;470435;13945;36349;249406;472121;9509;43181;251916;2662;2558;148831;481253
29032;BA;Porto Seguro;7942;39456;222544;123683;80300;7462;25059;295481;203594;67671;8173;26029;178558;316290;11257;25799;169956;337445;8201;31557;176256;2701;1787;141432;365526
31001;MG;Unaí;2317;6423;66828;34110;24827;1875;4018;74390;29845;35593;1939;4215;38676;78613;2029;2830;36941;82257;1942;4261;28020;1653;644;40414;82069
31002;MG;Paracatu;4667;7130;98576;45786;39905;3373;4678;113574;48001;51718;4188;5192;62076;118595;4775;4103;64932;123806;4449;8592;37535;4266;903;58820;117252
31003;MG;Januária;3879;15657;98419;39483;54832;2545;9046;120342;84012;25987;1850;9919;93500;123424;1962;5862;103441;133478;2037;7163;90200;1225;622;27364;134666
31004;MG;Janaúba;5166;15760;104816;37002;67572;3549;8979;121580;77931;32363;2898;10128;88706;127218;3092;6263;100779;136109;2828;9618;73869;2497;671;40001;132727
31005;MG;Salinas;4342;18699;78121;23682;58768;2908;11047;98589;54361;34713;2437;11044;61091;102519;2664;7610;64413;108862;2460;9732;53526;2288;689;34951;106674
31006;MG;Pirapora;2991;6819;70152;38064;23388;2425;5058;79354;49305;20809;2437;5634;48880;82290;2806;3983;49948;84415;2307;7667;34228;1905;690;31873;79187
31007;MG;Montes Claros;8347;24401;248983;135477;80150;8660;20459;288558;185972;70617;8755;21062;194162;312243;9818;17740;203638;329853;7989;26317;148224;6550;2254;125524;330334
31008;MG;Grão Mogol;503;4244;14546;5579;8903;367;2028;19397;13129;3819;345;1883;15618;20478;344;1296;15676;22471;392;1367;14535;190;107;4271;21893
31009;MG;Bocaiúva;1027;4149;29825;18153;8564;968;2748;35108;25036;6943;828;2671;27366;37257;965;1862;26461;38459;737;2166;23034;822;248;9590;38377
31010;MG;Diamantina;1558;5062;37425;21195;13912;1389;3425;42904;27801;9810;1369;3400;27580;43826;1435;2676;26037;45696;1345;3780;21696;1039;595;12723;44980
31011;MG;Capelinha;4432;12515;67753;25253;42540;2725;7357;83335;46234;29261;2424;7472;56234;86701;2516;4898;58889;92990;2588;7049;52003;2557;482;23041;93437
31012;MG;Araçuaí;2131;9882;55118;24319;29494;1665;6857;65577;39870;19744;1367;6350;46384;68154;1417;4552;46297;69929;1528;5184;42355;662;400;17207;69376
31013;MG;Pedra Azul;1943;6673;35646;17036;18233;1378;4208;40739;23432;13292;1058;4264;23723;39758;969;2592;25562;41152;915;2935;21556;448;278;12550;40208
31014;MG;Almenara;3445;12856;68298;30353;35663;2007;8792;84562;51259;24696;1546;8805;53767;83661;1619;5828;55079;86291;1461;6149;53863;629;416;21121;86130
31015;MG;Teófilo Otoni;4084;15950;112124;52926;47337;3669;12330;128349;78050;35547;3847;12295;71546;128213;3918;8936;76154;133858;3306;11128;62220;1934;1052;48355;130969
31016;MG;Nanuque;2007;8064;52879;25256;23370;1565;4459;59966;36250;18815;1408;5132;33958;59350;1470;3402;33092;60017;1237;3714;30431;682;410;20213;58766
31017;MG;Ituiutaba;2104;3579;76669;40877;27843;1601;2661;81025;40783;32732;1878;3437;48944;83018;2337;2409;52096;84743;1704;3850;31941;4337;625;33564;81389
31018;MG;Uberlândia;11197;17021;385156;202480;125665;13427;23042;413023;210544;157960;15038;23273;251710;455000;18185;24386;203526;398800;13627;39014;106982;24054;4229;253419;478034
31019;MG;Patrocínio;4284;6681;96914;47076;38492;4214;5656;107094;47602;46610;4323;5909;61321;113122;5590;5593;55981;113289;4200;8463;29259;5105;910;59288;111762
31020;MG;Patos de Minas;6906;8980;122878;47487;61212;5650;6636;133419;42060;77716;6547;7076;58068;137982;7883;6953;61299;140222;5992;10554;24896;7175;1247;81349;138892
31021;MG;Frutal;2925;5510;84230;40808;34174;2130;3069;95365;45017;40890;2377;4530;54740;99859;3591;3674;53754;102134;2299;5443;34907;3987;485;46281;98751
31022;MG;Uberaba;4437;7448;173558;105342;46152;5909;10246;174724;79955;74643;6466;11050;94460;183081;9243;12557;84646;186245;6026;13391;44173;13134;1845;105914;196236
31023;MG;Araxá;3556;6429;98157;40839;45640;3468;5085;108688;37407;58474;3732;5091;51442;115076;4693;5298;47094;117304;3984;7843;28178;8707;919;58776;115481
31024;MG;Três Marias;2696;4435;45993;20456;20545;2257;2724;51800;23828;20513;2180;2629;26911;55102;2385;2271;26291;56912;1946;4574;15774;2390;476;26109;53800
31025;MG;Curvelo;3863;6405;70384;37113;25369;2544;4078;78250;44371;23237;2857;3981;46255;83695;3176;3165;44740;84920;3148;6522;30406;2263;1100;32664;80962
31026;MG;Bom Despacho;4764;6634;81046;36554;36944;3852;4038;90499;32862;45361;4130;4211;36294;94978;5040;4075;27741;97073;4175;6798;14744;5727;920;55916;94525
31027;MG;Sete Lagoas;8775;13233;191085;112511;50861;9539;12294;208734;109368;64636;11414;11935;108343;225338;13607;14109;90290;230881;10458;21839;48951;7944;3923;122415;229212
31028;MG;Conceição do Mato Dentro;2755;8811;33069;16776;14532;1359;4902;41628;27143;8449;1381;4743;27893;41693;1706;3596;25811;44214;1464;4519;24744;879;384;11177;44719
31029;MG;Pará de Minas;2768;4068;59528;35502;15854;3074;3854;64606;24357;28655;3408;3803;28064;69166;4781;7468;21551;65634;2838;6293;9599;4359;791;41215;68071
31030;MG;Belo Horizonte;69507;103007;2346800;1392285;527201;108078;146752;2427576;1245959;760484;119207;139621;987100;2629123;120729;147983;852453;2632896;103690;198313;492535;106730;39917;1470446;2733289
31031;MG;Itabira;7339;16132;201471;132192;42594;7504;12119;216476;126369;55702;8663;13680;109896;222130;10640;14389;102981;227065;8070;23428;69274;9866;2289;92233;219215
31032;MG;Itaguara;2538;3427;32851;17177;13412;2337;2190;36462;17931;12978;2602;2342;20109;39108;2506;2285;16759;41208;2368;4323;10985;1972;426;19315;41206
31033;MG;Ouro Preto;4043;6599;88773;57936;20845;4666;6416;95813;50643;28437;5147;6527;48035;102708;6283;7695;47449;106366;5133;12948;34898;4345;1244;35723;105872
31034;MG;Conselheiro Lafaiete;5536;8508;128671;84440;30995;6012;7935;138976;75312;39326;7985;8617;69187;146143;8628;10318;68225;150597;6696;15822;38988;7570;1572;66222;149328
31035;MG;Guanhães;4203;11752;52059;24031;25326;2576;7021;61306;33771;18969;2172;6660;37374;64892;2621;4936;37774;67843;2205;6862;31431;1682;578;22021;65979
31036;MG;Peçanha;2331;8191;30566;10252;18954;1216;4561;37649;21562;11041;982;4031;26218;38605;885;2567;24822;40373;877;2952;21945;588;350;11664;40129
31037;MG;Governador Valadares;6890;18569;192922;78421;86335;5189;11719;213009;126445;66472;7295;13831;96097;219399;6849;10459;110860;228903;6702;14019;67151;4504;2321;120587;220764
31038;MG;Mantena;1552;4247;28434;10014;14238;988;2224;33855;19475;11794;1127;2952;16260;33302;971;1642;20519;36300;767;2012;12847;571;303;17661;35279
31039;MG;Ipatinga;6941;14297;257023;145610;65144;8271;12180;274852;168817;74421;10889;14932;127037;285845;12155;14895;116224;290851;7784;18854;59998;7702;2035;172843;285828
31040;MG;Caratinga;5170;13068;122458;58581;53405;4057;8928;134363;79315;42398;4205;9384;72773;138790;4778;7868;75237;144766;3874;10446;46902;3026;1558;67713;139651
31041;MG;Aimorés;3110;7434;77844;30236;39801;2484;4660;82714;42364;33062;2376;5296;38490;83621;2510;3831;44147;86018;1978;4459;28760;1497;873;42481;83448
31042;MG;PiŒí;2238;4281;42660;18864;20539;1873;2539;46708;17746;22390;2002;2418;22444;48398;1893;2061;20260;49586;1778;3413;11586;2819;346;23475;46257
31043;MG;Divinópolis;9823;11630;223042;131982;66133;12971;13703;242998;107457;97250;14138;13432;115537;265651;16645;18381;88108;270300;12427;21836;42195;16741;2895;165691;277749
31044;MG;Formiga;5215;6652;83548;42253;34692;4691;5321;88107;34815;40831;4718;4736;39916;93095;5311;5190;35808;94075;4388;9669;16695;7541;796;45821;88831
31045;MG;Campo Belo;4222;5544;55611;21653;30008;3267;4353;60728;31794;20935;3069;3786;31810;63775;3797;3738;30642;63898;3159;6864;13879;2681;497;32896;59388
31046;MG;Oliveira;4009;6664;64529;30117;29441;3252;4437;71300;30964;29266;3561;3900;35910;75170;3997;3960;31885;76768;3735;7267;20347;3785;680;32544;74011
31047;MG;Passos;4290;7827;115554;62588;43832;4185;5458;124854;58138;50119;4292;6353;65713;130178;4832;5187;58731;134000;4688;9216;29349;6766;920;65740;125821
31048;MG;São Sebastião do Paraíso;7052;11254;131368;61316;61401;6212;8263;143114;58791;67404;6205;8402;65732;149669;6513;7741;65309;152771;5658;11353;33878;10610;1068;69965;145322
31049;MG;Alfenas;4871;7189;112430;55776;49379;4622;5416;123521;46592;62177;4295;5410;49294;130919;4969;4752;51723;134242;4648;7749;28872;5167;926;72476;131330
31050;MG;Varginha;9689;13857;216985;114327;83555;9550;11406;238164;98317;109090;8866;11375;88649;252836;10476;10413;94967;256743;11151;17032;53407;12133;2698;135845;250582
31051;MG;Poços de Caldas;7008;10899;169895;69794;83090;6282;9165;185262;59878;106183;6907;9083;66753;193190;7597;9392;61933;197269;6616;12586;27331;10565;1672;111306;190768
31052;MG;Pouso Alegre;6455;10655;151266;70789;67026;6160;8743;173124;68258;85468;7152;9019;73280;185108;7678;8767;63273;196162;7382;14930;32650;12668;1439;110076;194906
31053;MG;Santa Rita do Sapucaí;3383;5615;71572;29328;36566;2885;3871;79088;27454;43716;2953;3646;26648;83279;3029;3171;25663;86847;3304;5903;13998;5819;754;45827;84026
31054;MG;São Lourenço;4207;8101;109692;50010;48566;3901;6582;118846;41741;61330;4314;6108;39819;123188;4455;6074;39486;124478;4383;9106;21665;5076;1162;65440;121023
31055;MG;Andrelândia;1678;4609;40596;19776;16954;1374;2743;43995;17432;20790;1512;2911;20384;44366;1554;2382;20251;44961;1549;3746;12845;1439;334;18914;43255
31056;MG;Itajubá;3541;6205;102293;48798;42388;3362;5090;109617;34523;61152;3878;4857;37099;114108;4163;5069;32719;115801;3468;7435;15641;5789;1040;67784;113888
31057;MG;Lavras;3725;6134;74267;38685;27927;3495;5337;80756;27488;40253;3773;4782;33938;85514;4495;5486;29648;86548;4039;8973;16580;3323;794;42653;83535
31058;MG;São João Del Rei;4521;6464;100850;52944;38471;4917;6684;104383;42486;44352;5795;5824;44036;109323;5297;5957;40376;111647;5248;11356;21702;3420;1116;49242;105577
31059;MG;Barbacena;5520;9704;118442;66221;38100;5487;8202;126344;70462;38105;6621;8940;70702;128788;6864;10363;71932;130758;5532;14015;45474;4484;1016;53646;128987
31060;MG;Ponte Nova;5339;13139;95555;51777;36471;4126;7303;107254;62713;29157;4039;7344;59827;106787;3758;5609;66181;110032;3405;8815;49910;2362;860;32054;105503
31061;MG;Manhuaçu;6197;13365;120898;50993;60393;5254;8485;140215;69842;55469;5091;9573;66534;146248;5486;7504;88030;155374;4401;9846;58519;4058;1437;67538;155445
31062;MG;Viçosa;6467;17336;104815;56842;42432;5632;9949;121248;66229;36621;6213;9603;74555;124514;6177;7597;75458;130877;5512;10753;57251;3809;853;37570;127270
31063;MG;Muriaé;5730;13099;136880;59903;53932;4420;9350;152066;86456;49358;4867;10092;82836;155445;5114;8255;91806;159028;3903;11210;58302;3240;1132;66822;155575
31064;MG;Ubá;6341;11965;131303;76567;42874;5575;8693;146271;86874;42852;6278;9007;85191;152139;6953;7757;76663;155716;5087;11637;47964;6302;1013;67341;152435
31065;MG;Juiz de Fora;10833;22440;399334;244537;80282;13967;29307;407140;225153;117490;16847;28048;210230;420868;19532;31969;194847;419455;13563;31881;114131;12903;3979;182649;421748
31066;MG;Cataguases;4249;7942;121698;65575;30517;3868;6347;127240;77088;34783;4005;6730;74274;129956;4439;6119;75559;129018;3409;8054;46223;3373;791;49718;125615
32001;ES;Barra de São Francisco;1779;5523;41646;15980;21806;1106;3825;47330;26114;17351;1079;3396;23044;48233;1153;2322;28464;51633;1073;2934;19936;671;325;24209;51014
32002;ES;Nova Venécia;1976;5031;58449;31773;21650;1615;3565;67181;41073;21217;1905;3371;36607;71628;2316;2778;37444;74100;1734;4105;27977;1315;517;34397;73086
32003;ES;Colatina;3622;7694;103644;45720;45239;3395;6289;109946;55482;43750;3927;5876;41557;114324;4520;5557;40489;115467;3410;6652;28399;2538;1065;68306;116336
32004;ES;Montanha;912;3263;25162;13439;9313;727;2014;28825;18266;8515;655;2000;14186;28662;891;1600;15617;29713;679;1815;15006;333;141;10861;29843
32005;ES;São Mateus;2533;6839;72509;39027;23692;2170;5470;84105;55992;20714;2367;5296;49771;92100;3573;4673;46570;95494;2674;5875;40732;1251;755;41220;98635
32006;ES;Linhares;5075;10193;134222;63662;53205;4797;8616;153809;83128;53399;6372;10100;62985;165437;8499;10501;52601;169849;6327;12769;45393;3806;1639;98427;176698
32007;ES;Afonso Cláudio;3043;5901;65367;23551;36041;2573;5000;73580;30588;36095;3248;4693;25755;77538;3376;3926;21426;78790;3072;5760;15144;1835;852;47317;78933
32008;ES;Santa Teresa;2210;4695;53632;20778;26969;2028;3551;59633;28168;26742;2444;3362;27467;63775;2565;3090;21927;65057;2225;4546;14097;1455;606;38049;64872
32009;ES;Vitória;15924;29722;700008;331918;247114;21071;29477;777038;415192;244158;25319;34544;295300;844957;37284;39354;258540;865192;25837;44058;201477;23873;12138;493900;921346
32010;ES;Guarapari;3362;5578;86818;33513;39921;3181;5189;97030;45095;41226;3879;5152;34733;105380;4961;5673;28155;111197;3837;7099;21023;2611;1411;72227;116262
32011;ES;Alegre;2781;8135;76191;21970;42861;2314;6120;86182;42513;34042;3021;6217;30381;86843;3439;5372;30204;85889;3209;5736;20076;1285;706;47194;86115
32012;ES;Cachoeiro de Itapemirim;6057;10301;160379;67519;62353;5559;9582;175415;88228;66780;7075;8490;60152;183883;7636;8789;57486;185040;6598;9711;34774;2777;1690;113727;183582
32013;ES;Itapemirim;1124;2780;33969;8796;16330;940;2281;40320;23770;11863;1278;2088;15479;43131;1333;1847;14916;45798;1235;2141;11834;556;387;32297;52426
33001;RJ;Itaperuna;2669;7590;105735;22599;47385;3108;8654;108946;51039;40107;3926;8240;37375;108364;3933;8214;40205;108257;2875;7627;22012;1310;981;65430;108373
33002;RJ;Santo Antônio de Pádua;1813;5306;67618;14213;29444;2222;6341;69193;32568;24243;2878;5457;25706;70194;2636;5741;29029;71508;1851;5581;14241;756;626;43641;71505
33003;RJ;Campos dos Goytacazes;8141;16096;288641;93398;83823;13485;25074;302336;144155;92685;16785;25985;116435;312641;19426;28010;112947;282562;14062;33020;53403;2907;3301;177228;313142
33004;RJ;Macaé;2793;4736;92791;39943;23183;4605;8069;106728;61378;25405;5227;7712;53729;128047;7732;11293;47711;132551;5048;10261;26639;2380;1058;76820;139887
33005;RJ;Três Rios;1785;4909;88818;32187;22206;2515;6449;89672;44502;28777;3338;6363;39305;92171;4431;7295;37000;91291;3151;7570;19555;1722;1286;45685;90253
33006;RJ;Cantagalo-Cordeiro;983;2563;37253;13785;13305;1007;3321;37462;15923;14131;1261;3146;15769;38415;1412;3622;13913;38071;1078;3593;7911;606;372;20338;37269
33007;RJ;Nova Friburgo;4327;8495;126713;56195;43931;5463;11799;132777;45432;59537;7038;12197;43834;136163;7706;16368;35865;127617;5223;13614;15290;2751;1044;80860;131018
33008;RJ;Santa Maria Madalena;475;1775;17491;3438;6552;532;2024;16948;7198;5985;636;1883;7749;16971;661;1728;6956;16909;536;2101;4500;157;195;8429;16254
33009;RJ;Bacia de São João;831;2259;41531;11420;14053;1570;4008;55840;26799;16369;2643;4828;26721;75227;4048;7206;24975;85085;2175;6226;10809;1345;651;61100;92255
33010;RJ;Lagos;3906;9427;212359;56650;63510;8124;17438;244131;108627;80167;9636;17809;90332;277726;13111;23642;83617;290668;8630;19516;33282;2940;2582;215178;313823
33011;RJ;Vale do Paraíba Fluminense;6628;15683;371706;187443;74843;10163;23023;383309;220667;102191;12845;23106;169163;402174;15713;27377;140927;404442;12075;26848;73606;8000;3843;230395;402661
33012;RJ;Barra do Piraí;2050;5059;98786;45516;19208;2517;6873;99648;57690;25560;3092;6200;46750;101112;4149;7441;37162;97467;3605;7920;20394;1568;1565;47774;92664
33013;RJ;Baía da Ilha Grande;1835;3757;80233;24884;33664;2981;5441;93826;48788;29499;3692;5072;37379;82780;5782;8310;37327;102047;3095;7094;15946;1435;730;71488;108038
33014;RJ;Vassouras;1631;4929;92940;25959;27523;2354;6915;92180;41921;31109;2891;6366;36043;95223;3508;7218;33481;95278;2831;6906;15755;1180;1029;54940;94190
33015;RJ;Serrana;6389;11125;266690;106658;91153;10196;20425;269311;89006;124647;12496;19825;73602;274558;11897;20075;60869;224811;9647;22364;23039;7440;3107;170706;262259
33016;RJ;Macacu-Caceribu;1284;3411;55667;15457;18984;1813;4823;59289;27325;18321;2498;4593;25564;62299;3075;5221;23593;63232;2093;4831;10627;609;512;38794;63460
33017;RJ;Itaguaí;1645;4310;96847;27823;19412;3278;7205;110136;54100;29660;4801;7268;53359;116672;6193;9276;47066;123871;3956;8510;17626;957;1126;84672;127683
33018;RJ;Rio de Janeiro;111660;265503;6034186;2506690;1050293;216436;472906;6050801;3015530;1658094;271878;492154;2835388;6136708;344377;674879;2159093;5850665;200674;460000;870790;101145;53325;3614257;6078659
35001;SP;Jales;5612;5539;80244;34307;42831;3584;3614;88068;30778;50070;4177;3171;37892;90630;4607;4055;29416;90673;3046;6254;15515;3415;982;50349;87028
35002;SP;Fernandópolis;3090;3707;53708;24006;28496;2106;2066;59731;21522;32905;2349;2058;29725;62210;2998;2675;22731;61696;1907;3983;10977;2330;474;33368;58486
35003;SP;Votuporanga;3403;3917;67371;26747;37900;2148;3031;76270;20693;48687;2955;2950;27457;82101;3585;3784;20344;82902;2548;5163;11882;2563;697;48332;79889
35004;SP;São José do Rio Preto;17287;20278;358152;152878;180246;14140;18445;399372;109662;250476;16077;16977;148302;429599;20286;21572;105012;413234;14442;26232;50192;18907;4083;270203;435110
35005;SP;Catanduva;6449;8143;106084;47504;50767;4838;6245;118644;38796;67461;5729;5442;43748;124454;6624;7373;25968;123945;4690;9645;16601;5113;1230;77579;124377
35006;SP;Auriflama;1544;1754;25564;11595;12809;902;909;27667;10015;14867;1124;957;13908;28240;1303;1081;9544;27972;766;1512;5852;848;194;13983;26255
35007;SP;Nhandeara;3059;2205;32825;13395;18695;1764;1541;37327;10516;23374;2113;1406;14172;38203;2174;1761;8490;38244;1520;2492;5384;1393;291;21918;36635
35008;SP;Novo Horizonte;2747;2860;38478;16952;19186;1921;2054;43548;13115;26577;2253;1664;14547;45785;2302;1803;9574;46119;1723;2737;5299;1349;350;29398;45157
35009;SP;Barretos;2284;3517;66920;29105;32795;2400;2898;73176;25260;39343;2506;2609;27196;76918;3418;3685;19792;73841;2590;4288;10102;2907;779;41042;69848
35010;SP;São Joaquim da Barra;5051;6768;98347;45475;49431;3694;4427;114605;42378;61390;4579;4482;45544;118829;5646;4964;35511;116676;4212;7599;19689;4085;1187;61077;108618
35011;SP;Ituverava;2380;3441;46697;21865;21758;1601;2183;53386;24533;24414;1965;1859;23286;53457;2569;2245;17676;51045;1709;2817;10481;2077;498;25912;48567
35012;SP;Franca;5868;8800;182340;71003;94419;5935;7443;203904;55832;129432;6434;6971;76608;218520;5399;4894;52776;131031;6688;11506;29201;9866;2110;126645;216405
35013;SP;Jaboticabal;11544;13232;196442;89762;93388;9366;9658;218879;76734;120860;11247;8735;75451;226525;12302;10077;54334;222683;8797;12170;28664;7912;2646;129003;213743
35014;SP;Ribeirão Preto;18974;28455;444752;200439;216776;18984;30667;494570;168689;268810;23112;29103;179030;533073;28290;37156;114475;497647;19548;39681;69426;24493;6727;309484;534373
35015;SP;Batatais;2689;3874;52300;21085;28741;2149;2704;58127;17587;34003;2570;2576;21271;61309;3414;3242;16221;59971;2455;4301;8714;2348;883;29561;57093
35016;SP;Andradina;5110;6969;90516;40741;44948;3508;4790;99171;40681;48418;3731;4042;42830;97853;4857;5065;33009;101589;3508;6372;19863;2445;943;54269;97300
35017;SP;Araçatuba;4482;6956;125255;46419;72875;3336;5336;136663;38913;84910;4182;5278;46930;142216;5039;5852;37088;144704;3771;6722;17875;4328;1420;92453;141145
35018;SP;Birigui;6665;9021;121547;54405;62230;5144;7110;136158;43451;80725;5880;6449;49309;143516;7310;8011;34441;143997;4657;9167;19786;3953;1265;95635;145508
35019;SP;Lins;3584;5125;77432;31977;39950;2959;3402;86453;29755;47584;3809;3327;33231;89432;4630;4162;20670;87695;3256;5031;11647;2084;961;55126;85713
35020;SP;Bauru;11220;15402;267514;126959;110422;9726;14314;293351;88282;168353;12263;13335;98682;309128;16473;17664;74795;309276;11793;18235;37063;11734;3903;189850;315974
35021;SP;Jaú;10524;10521;164741;83660;70895;7603;8322;186086;52062;113852;9637;7888;58366;194734;12542;10527;33683;190318;8378;11736;17920;7091;2764;125118;192632
35022;SP;Avaré;3413;6098;76131;33242;37232;2642;3880;90839;26608;55469;3891;3990;32340;94759;5386;4909;22578;95297;4215;6484;13458;2871;1216;52722;95182
35023;SP;Botucatu;4571;7070;93295;41787;42755;4160;6367;105009;25925;68340;5158;6081;33458;111881;6182;7786;22064;113181;4658;9190;12764;4851;1336;69242;119500
35024;SP;Araraquara;12278;15767;237119;124441;100023;10301;14302;267197;94508;146325;12244;13128;108496;283857;16130;18343;79645;278187;10928;22638;48680;10738;3005;145706;273556
35025;SP;São Carlos;7365;8921;144180;67360;66499;5935;9140;164287;39911;107972;7702;8762;46405;176525;9549;12365;37681;175340;7532;15807;22087;6363;1899;95770;174941
35026;SP;Rio Claro;4803;7057;113986;51254;54329;5045;8511;121940;32521;78108;5696;7273;36497;132529;6734;8935;23118;133128;4640;9331;12370;4895;1823;88458;135569
35027;SP;Limeira;10650;13460;274711;138720;111895;12238;14886;303154;103263;168535;15315;14757;105543;322848;19076;19325;65237;326838;12285;20668;33760;12279;3057;227693;336882
35028;SP;Piracicaba;10665;12674;264461;109634;138949;9969;12917;296564;88557;176707;13257;13125;81862;314343;12024;11096;50960;212292;11200;18830;30949;13534;2742;209174;321588
35029;SP;Pirassununga;4782;5532;87346;43446;37198;3790;4423;97837;27256;60967;4697;4263;29724;101684;5734;5512;19076;101667;4026;6701;9735;3523;1433;64566;100669
35030;SP;São João da Boa Vista;11380;14386;202787;92090;101356;8811;10246;227548;52934;149451;10426;9477;64187;235647;13697;12125;53331;230420;10068;15512;22408;9311;3100;127689;219608
35031;SP;Moji-Mirim;8616;10303;178637;90894;73488;8422;9485;203384;67606;113638;7794;7380;55859;167619;14919;13435;44224;214583;8895;14611;21107;9090;2194;144743;220630
35032;SP;Campinas;36525;51950;1173436;642767;432334;41190;57502;1319887;597258;584090;56639;63011;583263;1435738;83366;88364;391931;1337675;48674;98567;227987;76025;14235;895349;1520951
35033;SP;Amparo;4319;7162;83605;30270;52081;2915;4767;98121;18876;71983;3857;4769;24679;102213;4796;5484;17549;102941;3217;6465;7945;4638;950;66684;102348
35034;SP;Dracena;2933;4273;56418;21443;32594;1959;2620;63389;24836;33093;2097;1862;27000;66044;2863;2212;20197;66912;2189;3779;11037;1679;459;38980;64968
35035;SP;Adamantina;4769;6091;77813;28274;46417;3187;3751;85790;28286;49149;3566;3149;32061;88092;4300;3579;21879;85099;3077;4997;11139;1991;658;51092;81385
35036;SP;Presidente Prudente;12081;19911;284814;124463;140233;10184;13125;314081;121800;161146;11510;12076;120407;326295;13111;12944;94770;328251;9628;17240;59203;8191;3070;182437;317665
35037;SP;Tupã;2546;3674;58022;21189;33118;1615;2254;63345;16831;41089;1965;2205;22537;65342;2771;2575;14585;64322;2001;3667;7468;1743;493;39729;61815
35038;SP;Marília;7933;10032;158799;71906;77396;5904;7971;176849;47927;109319;7852;7974;52397;184232;9274;9318;35413;184510;6135;10208;18445;5532;1879;120459;185697
35039;SP;Assis;6373;8824;129650;58581;61910;4244;5204;145512;53328;77499;5805;5045;52947;149200;6926;5879;41110;147296;4872;7906;22566;4629;1298;86122;145534
35040;SP;Ourinhos;6422;9194;139526;63016;68644;4640;6062;157385;45452;94664;6464;6052;52533;162240;8081;7648;39458;161181;5747;8919;21486;4338;1697;94282;160580
35041;SP;Itapeva;5876;7777;112491;49523;59449;3822;4331;132409;40374;78841;4310;4130;49098;136650;5727;4265;39766;136790;5357;5886;23591;2953;1244;69313;133717
35042;SP;Itapetininga;4127;5213;79918;37483;37790;2827;3880;94427;22427;63063;4006;3733;27175;101006;5510;5319;21279;100808;4451;6774;11104;2658;1233;62220;100917
35043;SP;Tatuí;5994;7725;110141;42426;61191;4962;6798;128856;27581;91916;6067;6604;36074;140667;7836;8875;23289;142487;5653;10184;13234;4504;1403;94452;148929
35044;SP;Capão Bonito;4093;6549;63463;26070;35538;2048;2956;74419;27253;39339;2382;2998;36500;76116;3189;2687;33111;77206;2951;3769;20338;1360;935;31538;75496
35045;SP;Piedade;4052;6841;80836;23037;55953;2961;4029;97070;20993;69338;3528;3834;29913;105235;5333;4797;25578;107240;4775;6924;11405;2851;1397;54453;105637
35046;SP;Sorocaba;18905;29633;597956;313692;239247;20558;29888;674091;248234;346442;27616;31667;264661;733128;42723;51735;169728;735235;28218;59675;100699;34569;8615;461718;783036
35047;SP;Jundiaí;8128;14376;304022;168760;109030;9797;17318;333475;143615;156259;12113;17171;133065;359344;17911;24812;85300;365724;11771;28576;45962;23230;3712;233672;382617
35048;SP;Bragança Paulista;10448;14628;214122;78699;120536;9102;11698;253459;55728;176318;11358;12132;71280;275922;13907;15054;43444;286826;11026;18519;24275;15243;3081;180240;295756
35049;SP;Campos do Jordão;1788;2645;33531;10756;21664;1341;1621;39009;8651;27245;1606;1542;9439;39754;2018;1832;7499;39535;1548;2204;3138;1965;366;19984;38674
35050;SP;São José dos Campos;15941;25901;645859;324271;262603;17009;24806;739090;232912;418713;23529;26932;238840;795188;31035;35446;163325;713571;22522;40797;78804;42409;6795;507762;838532
35051;SP;Guaratinguetá;6198;9703;207030;104965;81399;5681;7854;227324;77541;120472;7446;7751;63821;235391;10447;10456;49643;228812;7426;10822;21197;8962;2421;136705;229766
35052;SP;Bananal;519;1502;14195;5560;7114;357;804;15807;5279;8544;511;756;6336;16465;576;709;5202;16553;470;1040;3133;294;132;6419;16172
35053;SP;Paraibuna/Paraitinga;2048;3866;38254;12930;23082;1337;1834;43480;13129;25888;1547;1616;16771;44793;1790;1813;14266;44775;1536;2370;6651;1132;366;20810;43233
35054;SP;Caraguatatuba;4010;6414;107316;40609;56727;3885;5233;134084;44361;72894;4508;5571;49047;146171;6951;7137;37287;153639;5571;9495;25658;5114;1448;91706;167930
35055;SP;Registro;3643;9793;115672;37049;72082;2758;5122;133499;45555;72116;3376;4913;52732;134409;4605;5390;44618;133057;4159;7051;22788;2370;1622;72738;130874
35056;SP;Itanhaém;3097;5619;85854;33052;44865;2732;3972;104940;36009;57168;3423;4243;42868;112834;5455;6781;34868;118362;3973;7600;19237;2964;1421;65555;119969
35057;SP;Osasco;26139;38668;842713;438832;328839;30083;39251;962619;467375;385261;36801;40246;479290;1051370;62005;64632;320608;1042858;42794;85458;222731;49644;13271;499915;1063413
35058;SP;Franco da Rocha;7132;11160;169563;75507;75186;8230;10365;205439;95054;84425;10101;10657;113300;230204;16875;18036;77940;231575;11502;23120;58816;6325;3036;110512;240030
35059;SP;Guarulhos;17513;31188;520359;215639;249143;18800;29310;635934;259383;307530;26893;33664;275364;702979;41340;54770;185829;713432;26907;74228;125138;24545;8447;360992;700043
35060;SP;Itapecerica da Serra;16143;23610;412067;182186;202119;16649;20977;501001;207209;233433;21204;21811;253400;550723;33720;33626;166406;538998;25858;49691;128915;23244;8847;240996;564793
35061;SP;São Paulo;216428;384885;7193554;3241178;3376659;246640;424390;7744433;2943121;4118028;272362;394383;3209526;8167057;432462;631455;2084076;7574694;273669;672609;1573008;443065;98652;3559549;7864533
35062;SP;Moji das Cruzes;19171;28830;530071;249359;231173;19891;26986;633756;262221;299608;26840;29284;287910;703800;30795;30709;204548;488557;34179;64506;132160;23683;10671;364351;728223
35063;SP;Santos;19837;32202;738451;350275;283789;22741;31690;793148;334925;360042;27525;33715;312030;826925;33750;45695;222695;735738;24904;50298;125273;31572;7679;451210;821565
41001;PR;Paranavaí;4273;14940;131969;53238;69449;3050;7467;147108;60704;68937;3250;6942;67498;155527;4772;6090;65088;159942;3299;9398;43975;2543;1746;82506;156418
41002;PR;Umuarama;4344;13939;133341;59036;65422;3480;6555;144828;58319;68908;3513;6346;69446;149633;4731;5245;62080;155594;3394;8775;35720;4092;1457;93692;160805
41003;PR;Cianorte;2588;7038;67262;29670;32801;1916;3461;78773;28194;41032;2391;4064;32539;82147;2995;3213;28343;86216;1987;5075;15098;2355;803;53184;86434
41004;PR;Goioerê;2300;7479;59203;23263;31774;1404;3308;66658;28863;31308;1301;3467;31334;68600;1880;2499;28749;70009;1552;3304;18805;1305;698;35301;68538
41005;PR;Campo Mourão;3489;10104;108158;47007;49427;2305;5358;121180;49321;57150;2712;6045;53824;124138;3702;4575;47571;126647;2895;6510;30798;3164;1468;65182;125355
41006;PR;Astorga;3723;9886;95089;40914;46937;2638;5136;106266;45853;48828;3052;5223;51942;111886;4061;4548;47722;115418;2646;7464;28941;2609;1062;59269;111818
41007;PR;Porecatú;1512;4945;45401;16558;24820;970;2375;50305;22137;23165;1366;2233;21458;50314;1693;1892;19685;50876;1203;2890;12845;980;495;26840;48970
41008;PR;Floraí;666;1944;20204;7843;11304;350;880;22015;8195;11560;497;950;9387;22522;610;757;9247;23485;488;1314;5294;599;198;12323;22716
41009;PR;Maringá;7716;15091;246419;96485;123972;6610;11014;274620;91117;147912;8217;11341;106696;296382;9301;9746;99483;260252;7372;15643;45322;13384;3499;185820;316475
41010;PR;Apucarana;5237;9990;140230;55199;71924;5255;7945;155846;43542;93232;5998;7831;46941;165521;6930;7478;42717;171011;4579;10134;20851;3666;1680;112289;168882
41011;PR;Londrina;12161;20807;350338;125762;183994;10607;18123;378606;81018;254391;14216;18649;90144;395058;15709;20115;76467;403706;12317;24365;34432;16963;5435;263080;410530
41012;PR;Faxinal;981;3147;24654;9191;13803;673;1648;27492;10284;14204;648;1442;10705;27512;929;1170;10014;28294;645;1760;6671;585;286;14970;27188
41013;PR;Ivaiporã;2400;9722;69795;28782;36280;1687;4572;78395;32961;36350;1568;4201;35271;79413;2025;3357;33930;79954;1682;4585;25212;1123;859;36428;78644
41014;PR;Assaí;1440;5193;36267;13351;20727;963;2471;41822;15974;21091;1098;2549;16518;41201;1314;2133;15019;42564;1095;2727;10821;619;631;20429;41110
41015;PR;Cornélio Procópio;3581;8800;94582;41921;42740;2476;5603;104332;46299;46896;2800;5394;43584;105083;3316;5223;40613;103658;2481;5645;24717;2197;1492;56576;103186
41016;PR;Jacarezinho;2647;5252;63314;30640;25298;2059;3521;67611;28351;30366;2197;3202;25293;71183;3344;3500;28193;70020;2199;4771;15988;1106;918;38430;69773
41017;PR;Ibaití;1572;4444;36289;15722;17464;1003;2596;43042;19454;18020;1105;2260;20243;45321;1560;1911;16906;44980;1280;3055;11676;576;670;22402;43439
41018;PR;Wesceslau Braz;2088;4913;49241;18296;26606;1361;3332;54990;22273;26231;1386;3090;24163;58408;1952;2698;20659;59363;1647;4227;13412;784;747;32341;58453
41019;PR;Telêmaco Borba;2876;6901;70180;34877;26424;2066;4040;80626;38699;32641;2105;4152;39320;84638;2996;3614;33472;86235;2626;4669;27982;982;1190;43290;88326
41020;PR;Jaguariaíva;2002;4204;48279;21464;21016;1327;2467;56725;19491;29571;1429;2282;19484;57531;2026;2065;17806;57609;2147;3010;11210;802;734;35091;57740
41021;PR;Ponta Grossa;6994;12237;207057;89710;92910;5904;8615;230403;61329;140804;7538;9341;70023;242782;10536;10008;70286;251259;9316;12181;35513;5914;4842;155190;260322
41022;PR;Toledo;5071;13567;192166;100098;76468;3897;7543;211575;80624;107186;5015;9004;99599;223724;6217;7161;84228;235124;4695;10588;45338;5351;2226;149815;237541
41023;PR;Cascavel;5367;14314;195336;110346;64509;4588;7930;221390;91401;100100;5063;9262;104994;240288;6404;7365;89808;213905;5791;11168;59197;7262;2790;146479;260174
41024;PR;Foz do Iguaçu;3350;12392;206733;123888;54646;4219;7472;222809;93912;93226;4621;9344;102442;228621;5866;6828;85448;239061;4664;9341;44828;5145;2371;147302;236987
41025;PR;Capanema;1153;3902;48009;31047;14179;968;1799;53168;28633;19246;1052;2239;35043;56460;1367;1434;32034;58515;999;2172;22535;1268;454;24638;56890
41026;PR;Francisco Beltrão;3242;8693;121443;73777;38344;2667;4670;130397;66690;49373;2614;4958;86219;143500;3555;3815;82590;152790;3020;5499;61244;3477;1071;65227;155431
41027;PR;Pato Branco;2284;5746;79972;47989;25212;1718;2807;87563;39827;37267;1933;3444;51653;94412;2641;2908;42495;98286;2241;4344;30569;3219;1052;51503;102776
41028;PR;Pitanga;1321;4624;37828;19406;15557;851;2568;41442;20302;16687;688;2424;24396;41908;904;1605;23836;42887;777;1844;20218;293;471;13469;42208
41029;PR;Guarapuava;5112;16614;171126;106507;48796;4264;8408;193965;84162;87221;4278;9093;109099;205890;6202;7017;99950;214001;5438;9699;86512;3066;2381;89296;219885
41030;PR;Palmas;1321;4460;39102;23056;12642;822;2030;45024;19865;19628;955;2290;26039;46899;1299;1477;23876;47771;1448;1954;21979;634;700;19649;49262
41031;PR;Prudentópolis;2405;6789;62450;28767;28025;1715;3108;71368;14947;49387;2347;3319;31326;74620;2544;2484;24825;78328;2892;4095;17062;906;942;41837;78651
41032;PR;Irati;1813;3844;50790;30303;15502;1534;2509;55396;16159;32823;2167;2569;25786;58062;2087;2141;21546;60257;2101;3553;14835;1229;784;30551;60903
41033;PR;União da Vitória;1875;4706;59332;32901;21209;1581;2381;64604;21334;36488;1949;2504;27381;67780;2108;1939;27510;69179;2392;3539;17870;1290;750;32720;65205
41034;PR;São Mateus do Sul;1162;2773;30343;17750;10772;1177;1608;34485;11469;19194;1327;1484;18365;37129;1567;1298;17124;38631;1990;1828;12327;771;493;15760;38326
41035;PR;Cerro Azul;1125;1855;12810;4734;7128;512;1077;15249;9004;4785;516;1010;10248;16025;579;860;9613;17016;669;956;8395;245;223;5516;16487
41036;PR;Lapa;883;1514;26558;16000;8581;857;1206;28221;11121;13169;1075;1235;12586;30198;1610;1427;9426;30268;1349;1817;5982;547;554;17256;29646
41037;PR;Curitiba;39147;65510;1468827;831028;478494;51262;76331;1575017;619007;726782;54534;67537;592547;1729496;79690;89651;425330;1719916;52389;85641;234354;86564;23062;1072340;1782478
41038;PR;Paranaguá;2911;6339;125711;62728;44893;3288;4552;138266;55917;60261;3377;4489;45991;151242;5764;6095;41205;155942;4273;6262;22912;2160;1834;95952;153504
41039;PR;Rio Negro;1896;3473;41421;21074;17149;1403;1912;47888;13970;28452;1553;1844;20788;52004;2158;1824;17495;54337;2013;2983;9534;911;727;32505;54213
42001;SC;São Miguel d'Oeste;2232;6770;95865;64295;25535;2355;4550;101736;43729;47168;2803;4322;56853;107834;3365;4132;51540;109728;2644;4933;32164;3000;1615;58055;108983
42002;SC;Chapecó;5195;13050;200631;118498;67010;5338;9553;220167;90969;105582;6088;9363;124983;243751;8418;9511;117229;255745;6657;10087;81799;7252;3537;139791;263665
42003;SC;Xanxerê;2196;6221;76296;49730;20664;2157;3953;81338;39789;32100;2200;3749;53687;89561;2819;3513;47168;92830;2249;3547;35420;2056;1153;45717;93292
42004;SC;Joaçaba;5087;12942;167003;103462;50996;5299;9869;180797;64090;91008;5910;9051;85205;193046;7906;8584;64705;193074;6093;8940;41484;5722;3286;119545;194954
42005;SC;Concórdia;1875;4380;81666;55256;21801;2553;4040;85700;37063;40157;2901;3578;42121;89907;3121;3420;36890;92514;2316;4304;23964;3202;1472;54801;93260
42006;SC;Canoinhas;3825;9724;126169;71570;44706;2960;6541;137118;34766;87479;4483;6271;55636;142697;5652;5609;51674;144953;5306;6186;26505;3128;2549;87669;143405
42007;SC;São Bento do Sul;1242;3575;66940;38056;22542;1338;2940;74197;14672;52272;2056;3204;24516;77628;2803;3292;17990;77817;2077;3516;7352;2908;1115;55649;77494
42008;SC;Joinville;6845;16260;389552;226683;123410;9476;19044;427668;155476;217638;14418;21937;165471;473863;20848;27981;132072;422287;12469;26376;51068;25028;6383;380771;530886
42009;SC;Curitibanos;2489;6471;60593;32848;23404;1719;4290;68989;19419;41874;2044;3775;28981;71074;3226;3489;26048;71741;2816;3397;19135;1613;1658;39146;71420
42010;SC;Campos de Lages;4361;11082;150013;69951;66405;3646;8293;164373;44602;99482;4309;8179;55438;169586;6149;8057;65450;169529;6003;8593;36171;5138;2639;96890;167356
42011;SC;Rio do Sul;3388;7928;106209;50655;47980;2995;5363;116530;34804;69569;3968;5358;55921;124493;4335;6111;41847;128485;3046;6390;16789;4579;1592;95713;130592
42012;SC;Blumenau;9101;16066;327197;159579;136600;10463;18972;353836;98802;217663;13659;19634;127123;388845;14197;21849;78325;359625;9855;21982;38143;22431;4264;326917;438844
42013;SC;Itajaí;5990;11924;218334;104092;90415;7446;12253;256505;79794;142066;9019;12639;101342;292032;13629;16668;74244;309364;8499;15361;36396;14677;4114;257524;360816
42014;SC;Ituporanga;975;2363;31215;14843;14047;1001;1532;33264;9150;20084;1246;1551;16507;34391;1118;1345;14478;36759;904;1821;5284;867;571;26821;37282
42015;SC;Tijucas;1889;3449;41679;20439;18068;1567;2585;47818;15123;25654;2010;2521;21241;53757;2372;2984;15460;56471;1751;3021;6905;2060;941;43773;60085
42016;SC;Florianópolis;10565;20658;406345;233814;148193;11921;26363;451913;127568;236534;16842;26567;152504;492231;20510;30088;119994;368664;16202;31134;69830;33151;7644;340926;574833
42017;SC;Tabuleiro;674;1200;14256;4769;8842;411;826;16258;4574;9762;514;682;7099;16892;551;798;6361;17274;598;1021;2533;582;344;11701;17471
42018;SC;Tubarão;5721;13209;194974;116677;66466;5281;10366;212289;78605;99205;6620;9925;95908;229868;8523;11513;72966;228023;5479;11278;27640;8996;2692;166969;235592
42019;SC;Criciúma;3901;8999;190216;128616;42716;4616;9218;203553;79296;92195;6555;9533;85557;219952;8801;11142;57805;215739;5171;9625;21192;7847;2315;163987;222213
42020;SC;Araranguá;2481;6809;93304;55906;30702;2461;4997;103573;36560;49284;2960;4491;46473;111721;3906;4838;43215;116437;2784;5178;16058;4054;1532;82275;119477
43001;RS;Santa Rosa;2226;4474;96727;46672;42028;1893;3078;99224;31706;58506;2880;3060;47833;100940;2891;3178;47050;103556;2337;2434;25686;2041;2253;59632;104352
43002;RS;Três Passos;2608;5660;88157;45153;37744;2199;3483;89942;36852;46012;2790;3239;51862;90128;2717;3278;45282;90134;2251;3516;30570;1486;1708;42045;87507
43003;RS;Frederico Westphalen;3543;8671;101504;49059;46943;3318;4914;107212;45243;53385;4614;4559;61258;106087;4077;4417;56674;108856;3768;3368;42308;1595;2137;46928;109621
43004;RS;Erechim;4146;6903;128283;68741;52070;4462;5551;130920;46550;75085;5682;5127;63892;135278;5665;5718;53421;138058;4446;4531;34977;3686;2423;79012;139546
43005;RS;Sananduva;1825;3119;37220;15138;20840;1802;1706;38037;12715;23182;2311;1692;18998;38236;1992;1748;15942;39713;1902;1434;11361;749;876;22355;39867
43006;RS;Cerro Largo;1328;2429;42034;22532;16050;1110;1648;42110;17737;21035;1453;1655;25831;42336;1195;1624;22503;41750;1141;1344;14996;645;823;19314;41587
43007;RS;Santo Ângelo;4301;7306;117285;57735;44887;3400;3935;121165;48972;58358;4385;4056;66782;120111;4117;4186;64062;119395;3560;3056;37156;1642;1710;56246;117673
43008;RS;Ijuí;2489;5171;106746;53930;40951;2304;3452;112289;40277;60365;3139;3415;59780;114893;3116;3543;56740;118630;2887;2966;31030;1681;1560;65113;118366
43009;RS;Carazinho;2262;5765;91392;41704;39453;2435;3562;94659;32919;52209;3238;3638;47957;98630;3266;3765;46550;99926;2901;2684;27614;2435;1267;49323;97962
43010;RS;Passo Fundo;6081;8938;175268;86398;74002;6059;6381;188994;61242;106277;7783;6184;95137;199538;8465;7314;77909;204414;6664;5499;47372;7394;4057;118442;209895
43011;RS;Cruz Alta;2954;4634;89572;41632;38559;2584;2769;93628;33145;50442;3225;2946;44706;92213;3364;3136;43967;92896;2699;2340;25628;1431;1638;47788;91910
43012;RS;Não-Me-Toque;884;1277;25469;11589;11863;723;887;27221;7599;17010;893;894;13142;27852;876;1031;11984;28376;769;757;6586;877;460;16210;28065
43013;RS;Soledade;2322;3840;37015;15065;18990;1656;2246;41038;14716;22125;1828;1998;23592;42330;1781;1803;22703;42512;1690;1231;16394;567;1158;16367;41497
43014;RS;Guaporé;4676;4675;69145;29716;33915;3786;3686;75936;18834;49574;4721;3263;37363;80479;4616;4099;25471;82762;3240;3010;11303;2714;2533;58372;85813
43015;RS;Vacaria;4780;6442;83921;29058;48319;3852;3676;90060;21205;62254;4623;3334;35437;91359;4899;3823;32875;91776;4188;2972;20202;1567;2369;52349;91972
43016;RS;Caxias do Sul;13930;18256;389893;171394;189615;16721;27072;422963;108072;287636;21994;23041;174444;457919;24728;29773;127099;466732;14831;21177;58020;22444;10263;317481;482025
43017;RS;Santiago;3048;4486;61712;25072;30300;2358;2554;66279;23606;35878;2959;2039;33774;66618;2946;2290;32483;65957;2566;1620;21548;768;959;31535;65973
43018;RS;Santa Maria;7983;9678;200430;84016;91684;6194;6962;212759;59828;132291;7886;6165;96154;216447;9455;7683;89217;213214;8096;6083;51318;4446;4186;108091;214463
43019;RS;Restinga Seca;1784;2763;39669;17550;18487;1180;1600;41413;12324;25499;1657;1448;20017;41982;1729;1543;17579;41025;1602;1082;11331;735;1171;20784;40743
43020;RS;Santa Cruz do Sul;8280;9734;180865;94802;60226;7325;7672;193222;68781;106487;9798;6371;125450;200052;9844;8276;95172;203083;8578;6942;52986;5798;3696;108061;204395
43021;RS;Lajeado-Estrela;8174;9959;171652;75923;79029;7436;8280;183864;55346;110210;8392;6886;101185;193966;8965;8507;92404;198677;6373;7484;40220;6772;4443;120690;202669
43022;RS;Cachoeira do Sul;3552;5108;91197;44552;34724;3213;3048;96152;31363;53083;3971;2912;49303;95557;4520;3319;47033;93916;3957;2455;25253;1480;1751;45583;90413
43023;RS;Montenegro;4482;6032;108171;44047;55464;4625;5459;116711;36600;69486;5491;4751;62814;125180;6419;5984;57242;127366;4393;5516;22772;5171;3256;75146;127379
43024;RS;Gramado-Canela;6140;8084;152680;61347;79684;5944;6801;171493;48392;108748;7180;6249;81761;182955;9365;8684;65321;185250;6042;7769;29705;8904;3876;120898;191138
43025;RS;São Jerônimo;3328;5163;75810;30443;37082;3213;3658;80676;23739;49047;3819;3448;36741;83939;4489;3964;39501;82864;3716;3124;21052;2037;1722;37288;80229
43026;RS;Porto Alegre;52842;66797;1983901;932138;829781;74111;85899;2051536;686937;1098270;90031;78091;944604;2120393;114678;105488;859563;1931942;80947;78239;405262;75759;38720;1062442;2063633
43027;RS;Osório;6836;10072;167145;62018;88817;6331;7700;185451;60150;103921;8116;7222;93961;201027;9907;9916;91959;204971;7687;8605;40999;6582;5380;117575;213230
43028;RS;Camaquã;3604;4872;71168;26101;36546;2886;3076;76737;19589;50797;3652;2946;37362;77730;4113;2895;39116;77810;3578;2517;19459;1075;1787;37265;75650
43029;RS;Campanha Ocidental;5847;9349;200275;85449;86287;4687;5988;208974;80915;103145;5027;4897;100272;207176;6304;5888;96004;195483;5596;4152;53762;2250;3618;94855;192118
43030;RS;Campanha Central;3601;5142;109609;46096;45661;3032;3196;110524;44250;53788;3416;3005;54373;110902;3903;3190;56217;109345;3846;2497;35452;1180;1903;49197;107652
43031;RS;Campanha Meridional;3309;4732;96958;45296;39087;2693;3326;100046;41150;47504;4017;3175;45537;100893;5004;4151;46014;98828;4339;4179;29900;1190;1924;44208;96168
43032;RS;Serras de Sudeste;4785;6150;65403;24674;34602;3736;3335;70539;26922;37310;4332;2835;37331;70594;4601;3066;37894;69441;4516;3325;25915;763;1342;22506;64134
43033;RS;Pelotas;11295;14124;274951;98805;137529;10739;12155;286146;87310;171567;13088;9836;128514;290157;11928;9991;137640;220352;12674;13340;68657;5623;4357;121964;279283
43034;RS;Jaguarão;1157;2092;31577;13794;13826;1109;1183;32960;12660;16782;1475;1264;14316;32343;1399;1243;16507;31923;1363;1365;10276;365;436;11815;29894
43035;RS;Litoral Lagunar;4450;6312;139334;69116;52275;5129;5904;145861;55010;68648;6438;5196;75780;149521;7717;7459;84444;149354;6195;8025;46077;2174;2923;55351;143769
50001;MS;Baixo Pantanal;854;2456;57050;27420;19425;732;1696;62583;34269;21343;986;2468;33978;66157;1917;2029;27758;64543;1351;1380;19129;605;1216;31772;64605
50002;MS;Aquidauana;937;3339;50073;24598;17741;624;2276;55400;26184;23150;772;2802;28750;57132;1108;1913;26638;56208;888;1415;21566;380;528;24370;56120
50003;MS;Alto Taquari;1268;3891;53916;18244;28386;698;2824;62165;20610;35604;972;3349;27244;62859;1393;2288;28338;62845;1122;2075;18611;710;1184;34163;63490
50004;MS;Campo Grande;7019;15106;388818;153619;170477;6051;15637;441132;136739;252623;9660;19685;162824;479792;15467;20219;158978;498050;12789;19793;92599;13504;7642;318253;537368
50005;MS;Cassilândia;710;1885;26106;8819;14828;474;1521;30312;8259;19231;724;1932;10254;29890;976;1513;10266;33103;827;1751;7495;775;530;21713;36418
50006;MS;Paranaíba;1229;2732;36675;14533;18706;768;2079;40217;12649;24174;992;2596;16229;40912;1416;1850;15995;42295;1161;2164;10174;811;522;21325;40838
50007;MS;Três Lagoas;1558;3368;61900;27966;25301;1297;3131;68111;29162;31043;2024;4215;31735;74064;2995;3401;27826;78483;2044;3814;18230;1413;961;44023;78142
50008;MS;Nova Andradina;1035;2734;36974;14895;19261;764;2032;44001;15769;23865;905;2493;20145;46994;1484;1732;21040;48202;1084;1959;14234;867;486;23664;47501
50009;MS;Bodoquena;1054;3154;51090;23439;21890;624;2233;56376;23101;27914;710;2525;28164;58672;1196;1830;25830;57954;903;1660;17717;635;603;29181;56655
50010;MS;Dourados;4688;11309;213741;89836;99136;3537;9592;248420;89560;136534;6446;13906;105376;262995;8614;10532;107246;280764;6236;9973;74101;4945;2941;159186;289525
50011;MS;Iguatemi;2866;8216;99765;43069;48045;1844;5951;112387;43374;59122;2549;7604;52846;118206;3494;5300;55332;124664;2475;5285;38627;1784;1426;59140;122057
51001;MT;Aripuanã;1388;3031;45232;18137;20312;1606;4484;61325;22965;34032;1480;3946;28384;62314;1601;2843;26295;61317;1418;3721;15563;452;615;36934;60905
51002;MT;Alta Floresta;1143;2659;43684;14051;22102;1061;3058;51571;16610;32119;964;2872;19774;50613;1385;2766;20933;48960;1060;2908;11866;425;480;29862;49417
51003;MT;Colíder;1910;4542;60043;19789;31207;1395;4358;68183;21991;41301;1482;4399;27390;67991;1836;3611;25529;67724;1444;3848;15802;831;642;44055;69096
51004;MT;Parecis;665;1560;31048;11947;14436;668;1890;38230;12784;21031;875;1992;17874;41351;1265;1876;14698;42888;999;2276;11548;512;339;30165;47413
51005;MT;Arinos;852;2115;29973;9362;16568;692;1947;34017;8841;22105;795;2246;12501;36026;963;1700;10543;34532;801;2093;6010;386;389;22662;34098
51006;MT;Alto Teles Pires;1341;1965;50359;22016;21143;1306;2990;67412;23296;37604;2087;3848;36182;82074;2973;4154;35711;101076;2082;4364;21805;1853;762;80850;115329
51007;MT;Sinop;1672;2656;64693;24973;30408;1471;4116;79615;20370;52532;1910;4362;30120;82881;2535;4313;30218;85810;2010;4837;16072;2004;945;64679;93904
51008;MT;Paranatinga;314;910;12867;3655;7042;228;1173;15581;4132;10110;321;1177;6697;15798;446;1006;4536;15351;236;992;4914;171;128;10218;17212
51009;MT;Norte Araguaia;1007;3642;38096;11395;20864;949;3862;47200;14344;29511;777;3830;21959;48961;1055;2656;16004;48672;852;2915;15244;224;536;28761;51616
51010;MT;Canarana;929;2575;37459;13485;17632;748;2827;43745;13614;26122;930;3200;18772;46552;1055;2762;13308;46930;887;2524;11867;705;365;32824;50675
51011;MT;Médio Araguaia;636;1325;31294;15171;10083;737;1958;32850;14212;14983;815;2144;15125;33251;1116;1946;13459;32605;725;2088;9059;591;283;19156;33464
51012;MT;Alto Guaporé;734;1821;26407;6760;14758;650;2206;30687;11034;16814;604;2188;12773;33019;798;1769;11533;33732;591;2114;7077;373;295;22045;33995
51013;MT;Tangará da Serra;1918;3368;58897;26164;25150;1500;3727;66596;25290;34514;1651;4280;34053;72741;2133;3606;25326;73161;1684;4104;18532;1090;886;43595;74139
51014;MT;Jauru;1909;4858;49497;15647;27903;1528;4013;54334;23694;25974;1543;4148;23574;57169;1809;3668;22107;56212;1230;4232;13333;766;483;32520;53790
51015;MT;Alto Paraguai;400;954;17266;5511;9017;290;1352;16158;6633;7732;285;1201;7560;16442;446;824;7486;16591;309;1011;6110;173;142;7898;16157
51016;MT;Rosário Oeste;336;1495;15754;5248;7500;225;1375;17216;8012;6781;289;1436;10803;18073;335;1053;10422;17492;261;901;9180;107;162;7232;18615
51017;MT;Cuiabá;6092;12248;393409;191028;131350;7807;18545;432354;186765;175894;9356;20940;195397;466434;13141;22039;198983;427236;10484;25758;125981;10499;6359;287837;503733
51018;MT;Alto Pantanal;1065;3239;57864;24721;23253;1006;3663;64995;34065;23348;1015;3844;37291;68216;1235;3090;36357;65691;1197;3289;26729;516;654;29106;65325
51019;MT;Primavera do Leste;792;1242;27370;11209;12065;670;1444;36564;12319;20816;977;2040;17718;43555;1451;2256;15384;46450;1100;2650;9089;907;375;36846;52063
51020;MT;Tesouro;742;2229;29852;10163;15709;563;2191;30333;12523;14648;539;2207;13685;28250;668;1950;12548;27188;450;1878;10220;406;302;12308;27344
51021;MT;Rondonópolis;2576;5525;113453;42284;55426;3124;7178;132355;57309;60024;3530;8189;64175;142759;5581;9270;59473;145670;3362;10451;34660;2669;1492;91220;148988
51022;MT;Alto Araguaia;319;879;13363;4251;7349;269;861;15959;5094;9390;401;1163;5836;17013;529;1111;5558;17240;358;1308;3943;311;101;10346;16858
52001;GO;São Miguel do Araguaia;683;4175;33917;12669;16550;666;3037;39945;18225;15457;727;2596;21946;41595;981;2076;20766;42822;768;3052;16194;423;917;19425;42264
52002;GO;Rio Vermelho;1127;4803;48696;22163;19500;910;3326;51813;21792;21228;880;2759;24825;52689;1089;2370;23362;52949;1007;3285;17272;459;1153;22888;49253
52003;GO;Aragarças;611;2714;27286;12893;10054;568;1928;30554;16118;10589;524;1573;18063;32677;757;1517;15735;32829;536;2039;11310;362;668;14353;30173
52004;GO;Porangatu;2695;11923;111022;42257;52949;2150;8376;121714;59102;43588;2317;7268;74064;124687;3043;5748;61756;126948;2256;8492;43548;1578;2135;58146;121230
52005;GO;Chapada dos Veadeiros;598;4487;23939;9951;10788;478;3379;28538;14543;9537;531;2870;16611;29746;664;1963;16062;30313;565;2622;16470;231;372;8839;30675
52006;GO;Ceres;3163;12491;118597;48895;51864;3171;9665;127343;57592;50750;3661;8080;65275;134368;4995;7485;54411;138762;3376;10167;37429;2767;3152;76113;140483
52007;GO;Anápolis;6817;16252;251664;93227;120564;7292;16143;275194;97799;132184;9323;14290;114272;300582;12359;14923;90607;322750;8158;21109;51717;5112;9873;207961;318105
52008;GO;Iporá;737;2775;36274;13409;16061;678;2481;37454;15782;15962;739;1956;18469;37711;931;1724;16296;38653;620;2505;10564;502;903;19594;36974
52009;GO;Anicuns;1586;5676;60102;25443;24805;1436;4217;65096;28109;26353;1640;3676;31057;68445;1942;3331;23823;70077;1393;4267;14973;954;1543;40684;66506
52010;GO;Goiânia;16937;42225;891738;386956;348022;24313;56182;980707;374621;425035;28892;53755;404296;1084744;38673;63148;272057;1125248;24844;60545;175676;30452;42361;714103;1167032
52011;GO;Vão do Paranã;1128;6736;42845;14849;23030;778;5663;49496;18275;23151;1056;4227;24581;53328;1212;3215;25509;55683;1055;4342;23753;452;739;21143;55177
52012;GO;Entorno de Brasília;10545;26564;308736;130168;131974;10186;25243;381140;178942;137654;14823;21708;176532;422838;20970;23359;158082;468302;16797;31081;115542;5357;8851;267558;485230
52013;GO;Sudoeste de Goiás;4924;14885;180863;78376;75109;4248;12759;211602;78593;102261;6762;11887;101542;225098;10165;12826;78770;235252;7159;17997;62767;6532;6789;136075;242884
52014;GO;Vale do Rio dos Bois;1323;4691;57952;22942;25320;1111;4169;65356;25284;30251;1453;3779;31225;70544;2142;3598;27453;72145;1477;5250;18940;1348;1599;38174;69369
52015;GO;Meia Ponte;4805;14404;178364;76054;77035;5083;12173;193819;72328;92553;6038;10548;90238;206707;8786;11848;73001;210607;6271;16063;44690;6936;4676;119785;206787
52016;GO;Pires do Rio;1528;4581;46959;19867;20879;1244;3253;52589;15475;28026;1483;2951;21643;54941;1899;2964;16619;56028;1504;3965;10750;1254;1644;31959;55049
52017;GO;Catalão;2099;5496;69487;35031;25708;1898;4899;79025;27885;36941;2561;4437;38404;83648;3518;5703;35056;85304;2200;7119;23320;2788;1540;43599;87772
52018;GO;Quirinópolis;1259;5075;51842;24248;20858;1199;3788;54676;22657;24491;1448;3625;28942;58445;2293;3669;26546;61880;1290;4969;18620;2516;1863;28287;59826
53001;DF;Brasília;17517;56652;1208415;592977;471485;21237;56258;1347805;499407;578137;33674;60032;462441;1457059;38439;61555;363861;1574514;31995;59212;190508;44879;26939;936494;1604517
